Date,Air_Temperature,Air_pressure,Weather_Remarks
1857-01-01 00:00:00,,,SN
1857-01-01 09:00:00,-2.22,1013.55,
1857-01-01 21:00:00,-2.78,1012.87,
1857-01-02 00:00:00,,,SN
1857-01-02 09:00:00,-2.22,1007.79,
1857-01-02 21:00:00,0.56,996.95,
1857-01-03 00:00:00,,,SN
1857-01-03 09:00:00,-1.11,990.18,
1857-01-03 21:00:00,-1.67,1000.68,
1857-01-04 00:00:00,,,SN
1857-01-04 09:00:00,-2.78,1009.14,
1857-01-04 21:00:00,-4.44,1011.51,
1857-01-05 00:00:00,,,SN
1857-01-05 09:00:00,-5.56,1010.84,
1857-01-05 21:00:00,-11.11,1012.53,
1857-01-06 00:00:00,,,-999
1857-01-06 09:00:00,-17.78,1016.59,
1857-01-06 21:00:00,-12.22,1015.92,
1857-01-07 00:00:00,,,-999
1857-01-07 09:00:00,-9.44,1010.84,
1857-01-07 21:00:00,-20.56,1015.92,
1857-01-08 00:00:00,,,-999
1857-01-08 09:00:00,-19.44,1019.3,
1857-01-08 21:00:00,-12.22,1014.22,
1857-01-09 00:00:00,,,-999
1857-01-09 09:00:00,-10.56,1004.74,
1857-01-09 21:00:00,-9.44,997.97,
1857-01-10 00:00:00,,,SN
1857-01-10 09:00:00,-7.78,991.2,
1857-01-10 21:00:00,-5,991.2,
1857-01-11 00:00:00,,,-999
1857-01-11 09:00:00,-11.67,1003.39,
1857-01-11 21:00:00,-13.33,1010.16,
1857-01-12 00:00:00,,,HALO
1857-01-12 09:00:00,-13.33,1010.16,
1857-01-12 21:00:00,-8.89,1006.77,
1857-01-13 00:00:00,,,-999
1857-01-13 09:00:00,-10.56,1001.02,
1857-01-13 21:00:00,-5.56,998.98,
1857-01-14 00:00:00,,,SN
1857-01-14 09:00:00,-5.56,997.63,
1857-01-14 21:00:00,-9.44,1002.37,
1857-01-15 00:00:00,,,-999
1857-01-15 09:00:00,-15,1011.18,
1857-01-15 21:00:00,-13.33,1016.93,
1857-01-16 00:00:00,,,SN
1857-01-16 09:00:00,-15.56,1012.53,
1857-01-16 21:00:00,-7.78,998.98,
1857-01-17 00:00:00,,,SN
1857-01-17 09:00:00,-8.33,1001.69,
1857-01-17 21:00:00,-18.89,1015.24,
1857-01-18 00:00:00,,,SN
1857-01-18 09:00:00,-25,1017.61,
1857-01-18 21:00:00,-17.78,1014.9,
1857-01-19 00:00:00,,,SN
1857-01-19 09:00:00,-17.78,1007.45,
1857-01-19 21:00:00,-7.78,1001.69,
1857-01-20 00:00:00,,,SN
1857-01-20 09:00:00,-11.11,998.98,
1857-01-20 21:00:00,-6.67,992.21,
1857-01-21 00:00:00,,,SN
1857-01-21 09:00:00,-6.67,992.55,
1857-01-21 21:00:00,-13.33,1002.37,
1857-01-22 00:00:00,,,DRSN
1857-01-22 09:00:00,-19.44,1003.73,
1857-01-22 21:00:00,-21.67,1004.74,
1857-01-23 00:00:00,,,DRSN
1857-01-23 09:00:00,-21.67,1005.76,
1857-01-23 21:00:00,-17.78,1009.14,
1857-01-24 00:00:00,,,SN
1857-01-24 09:00:00,-15,1003.39,
1857-01-24 21:00:00,-12.22,1005.08,
1857-01-25 00:00:00,,,-999
1857-01-25 09:00:00,-13.33,1014.56,
1857-01-25 21:00:00,-20.56,1015.92,
1857-01-26 00:00:00,,,RA
1857-01-26 09:00:00,-15.56,1016.59,
1857-01-26 21:00:00,-6.11,999.66,
1857-01-27 00:00:00,,,-999
1857-01-27 09:00:00,2.22,1004.06,
1857-01-27 21:00:00,-5.56,1018.63,
1857-01-28 00:00:00,,,-999
1857-01-28 09:00:00,-12.22,1019.3,
1857-01-28 21:00:00,-5,1013.21,
1857-01-29 00:00:00,,,-999
1857-01-29 09:00:00,-7.78,1011.51,
1857-01-29 21:00:00,-3.33,1012.53,
1857-01-30 00:00:00,,,-999
1857-01-30 09:00:00,-7.78,1015.24,
1857-01-30 21:00:00,-5,1008.47,
1857-01-31 00:00:00,,,SN
1857-01-31 09:00:00,-2.78,993.91,
1857-01-31 21:00:00,-1.11,987.47,
1857-02-01 00:00:00,,,-999
1857-02-01 09:00:00,-13.33,997.29,
1857-02-01 21:00:00,-13.33,1001.69,
1857-02-02 00:00:00,,,-999
1857-02-02 09:00:00,-12.78,1005.76,
1857-02-02 21:00:00,-12.78,1010.84,
1857-02-03 00:00:00,,,-999
1857-02-03 09:00:00,-11.11,1013.21,
1857-02-03 21:00:00,-3.89,1000.68,
1857-02-04 00:00:00,,,RA
1857-02-04 09:00:00,2.22,1007.45,
1857-02-04 21:00:00,0,1012.53,
1857-02-05 00:00:00,,,SN
1857-02-05 09:00:00,-0.56,1006.43,
1857-02-05 21:00:00,8.89,1002.37,
1857-02-06 00:00:00,,,FG
1857-02-06 09:00:00,5.56,1009.14,
1857-02-06 21:00:00,3.33,1005.08,
1857-02-07 00:00:00,,,-999
1857-02-07 09:00:00,11.67,1000.68,
1857-02-07 21:00:00,12.78,992.89,
1857-02-08 00:00:00,,,SN
1857-02-08 09:00:00,2.78,996.95,
1857-02-08 21:00:00,-5,1015.24,
1857-02-09 00:00:00,,,-999
1857-02-09 09:00:00,-7.78,1022.01,
1857-02-09 21:00:00,-3.33,1013.88,
1857-02-10 00:00:00,,,SN
1857-02-10 09:00:00,-12.22,1016.59,
1857-02-10 21:00:00,-16.67,1026.08,
1857-02-11 00:00:00,,,-999
1857-02-11 09:00:00,-14.44,1023.37,
1857-02-11 21:00:00,-11.11,1023.71,
1857-02-12 00:00:00,,,-999
1857-02-12 09:00:00,-10.56,1022.69,
1857-02-12 21:00:00,1.67,1007.45,
1857-02-13 00:00:00,,,-999
1857-02-13 09:00:00,6.67,1005.08,
1857-02-13 21:00:00,1.67,1013.88,
1857-02-14 00:00:00,,,RA
1857-02-14 09:00:00,0,1015.58,
1857-02-14 21:00:00,8.33,999.66,
1857-02-15 00:00:00,,,FG
1857-02-15 09:00:00,11.11,1002.71,
1857-02-15 21:00:00,7.78,1002.37,
1857-02-16 00:00:00,,,FG
1857-02-16 09:00:00,10.56,1000.68,
1857-02-16 21:00:00,10,1003.05,
1857-02-17 00:00:00,,,BR
1857-02-17 09:00:00,4.44,1002.71,
1857-02-17 21:00:00,15.56,998.98,
1857-02-18 00:00:00,,,TS
1857-02-18 09:00:00,6.11,1005.76,
1857-02-18 21:00:00,2.78,1003.39,
1857-02-19 00:00:00,,,SN
1857-02-19 09:00:00,0,1005.76,
1857-02-19 21:00:00,-2.22,1009.14,
1857-02-20 00:00:00,,,SN
1857-02-20 09:00:00,-2.22,1007.45,
1857-02-20 21:00:00,0.56,992.21,
1857-02-21 00:00:00,,,-999
1857-02-21 09:00:00,1.67,1002.37,
1857-02-21 21:00:00,0.56,1008.47,
1857-02-22 00:00:00,,,-999
1857-02-22 09:00:00,1.67,1008.47,
1857-02-22 21:00:00,1.67,1004.06,
1857-02-23 00:00:00,,,-999
1857-02-23 09:00:00,3.33,997.63,
1857-02-23 21:00:00,5.56,1000.68,
1857-02-24 00:00:00,,,-999
1857-02-24 09:00:00,8.89,998.31,
1857-02-24 21:00:00,14.44,988.83,
1857-02-25 00:00:00,,,-999
1857-02-25 09:00:00,4.44,1000.34,
1857-02-25 21:00:00,1.67,1007.79,
1857-02-26 00:00:00,,,-999
1857-02-26 09:00:00,-3.89,1016.59,
1857-02-26 21:00:00,-3.33,1018.63,
1857-02-27 00:00:00,,,SN
1857-02-27 09:00:00,-5,1013.88,
1857-02-27 21:00:00,0,992.89,
1857-02-28 00:00:00,,,-999
1857-02-28 09:00:00,-4.44,995.6,
1857-02-28 21:00:00,-2.78,992.89,
1857-03-01 00:00:00,,,SN
1857-03-01 09:00:00,-3.89,989.5,
1857-03-01 21:00:00,-6.67,996.28,
1857-03-02 00:00:00,,,-999
1857-03-02 09:00:00,-16.67,1010.5,
1857-03-02 21:00:00,-15,1009.48,
1857-03-03 00:00:00,,,-999
1857-03-03 09:00:00,-11.11,1003.39,
1857-03-03 21:00:00,-2.78,997.97,
1857-03-04 00:00:00,,,-999
1857-03-04 09:00:00,-2.22,1001.02,
1857-03-04 21:00:00,0,1001.36,
1857-03-05 00:00:00,,,SN
1857-03-05 09:00:00,3.33,993.91,
1857-03-05 21:00:00,1.67,992.21,
1857-03-06 00:00:00,,,-999
1857-03-06 09:00:00,-5,994.58,
1857-03-06 21:00:00,-7.78,998.31,
1857-03-07 00:00:00,,,-999
1857-03-07 09:00:00,-10.56,1005.76,
1857-03-07 21:00:00,-9.44,1009.82,
1857-03-08 00:00:00,,,-999
1857-03-08 09:00:00,-8.33,1014.22,
1857-03-08 21:00:00,-5,1005.08,
1857-03-09 00:00:00,,,SN
1857-03-09 09:00:00,-3.89,991.2,
1857-03-09 21:00:00,-9.44,1000.68,
1857-03-10 00:00:00,,,-999
1857-03-10 09:00:00,-12.22,1005.08,
1857-03-10 21:00:00,-7.78,1002.37,
1857-03-11 00:00:00,,,SN
1857-03-11 09:00:00,-8.89,1001.02,
1857-03-11 21:00:00,-5.56,1004.4,
1857-03-12 00:00:00,,,-999
1857-03-12 09:00:00,-10,1011.18,
1857-03-12 21:00:00,-8.33,1014.22,
1857-03-13 00:00:00,,,-999
1857-03-13 09:00:00,-6.11,1012.53,
1857-03-13 21:00:00,-1.11,1004.4,
1857-03-14 00:00:00,,,-999
1857-03-14 09:00:00,0.56,999.66,
1857-03-14 21:00:00,0.56,1004.06,
1857-03-15 00:00:00,,,-999
1857-03-15 09:00:00,-1.11,1006.43,
1857-03-15 21:00:00,0,1003.05,
1857-03-16 00:00:00,,,SN
1857-03-16 09:00:00,0.56,998.98,
1857-03-16 21:00:00,1.67,998.98,
1857-03-17 00:00:00,,,-999
1857-03-17 09:00:00,3.33,1004.4,
1857-03-17 21:00:00,2.22,1003.39,
1857-03-18 00:00:00,,,RA
1857-03-18 09:00:00,2.78,996.28,
1857-03-18 21:00:00,5.56,995.6,
1857-03-19 00:00:00,,,SN
1857-03-19 09:00:00,0,993.91,
1857-03-19 21:00:00,0,994.92,
1857-03-20 00:00:00,,,-999
1857-03-20 09:00:00,0.56,999.32,
1857-03-20 21:00:00,2.78,997.29,
1857-03-21 00:00:00,,,-999
1857-03-21 09:00:00,3.33,997.63,
1857-03-21 21:00:00,4.44,1009.82,
1857-03-22 00:00:00,,,-999
1857-03-22 09:00:00,5.56,1015.92,
1857-03-22 21:00:00,2.78,1010.5,
1857-03-23 00:00:00,,,-999
1857-03-23 09:00:00,3.33,997.97,
1857-03-23 21:00:00,6.67,1005.76,
1857-03-24 00:00:00,,,-999
1857-03-24 09:00:00,3.33,1001.36,
1857-03-24 21:00:00,4.44,998.98,
1857-03-25 00:00:00,,,-999
1857-03-25 09:00:00,1.67,998.98,
1857-03-25 21:00:00,3.33,1002.37,
1857-03-26 00:00:00,,,-999
1857-03-26 09:00:00,0.56,1004.74,
1857-03-26 21:00:00,1.67,1005.08,
1857-03-27 00:00:00,,,-999
1857-03-27 09:00:00,1.11,1005.08,
1857-03-27 21:00:00,1.67,1003.05,
1857-03-28 00:00:00,,,-999
1857-03-28 09:00:00,2.22,1003.39,
1857-03-28 21:00:00,3.33,1005.76,
1857-03-29 00:00:00,,,-999
1857-03-29 09:00:00,4.44,1007.79,
1857-03-29 21:00:00,3.33,1010.16,
1857-03-30 00:00:00,,,-999
1857-03-30 09:00:00,5,1013.55,
1857-03-30 21:00:00,3.89,1011.51,
1857-03-31 00:00:00,,,-999
1857-03-31 09:00:00,5.56,1010.84,
1857-03-31 21:00:00,6.94,997.97,
1857-04-01 00:00:00,,,SN
1857-04-01 09:00:00,7.78,992.21,
1857-04-01 21:00:00,-6.67,1005.76,
1857-04-02 00:00:00,,,-999
1857-04-02 09:00:00,-7.78,1013.21,
1857-04-02 21:00:00,-1.11,1014.22,
1857-04-03 00:00:00,,,-999
1857-04-03 09:00:00,-1.11,1013.21,
1857-04-03 21:00:00,0,1004.4,
1857-04-04 00:00:00,,,-999
1857-04-04 09:00:00,10,1001.69,
1857-04-04 21:00:00,10,1000.34,
1857-04-05 00:00:00,,,RA
1857-04-05 09:00:00,10.56,992.89,
1857-04-05 21:00:00,8.89,985.44,
1857-04-06 00:00:00,,,SN
1857-04-06 09:00:00,1.11,988.83,
1857-04-06 21:00:00,-3.33,989.5,
1857-04-07 00:00:00,,,SN
1857-04-07 09:00:00,-2.22,999.66,
1857-04-07 21:00:00,0,1006.43,
1857-04-08 00:00:00,,,SN
1857-04-08 09:00:00,1.11,1001.02,
1857-04-08 21:00:00,4.44,1005.76,
1857-04-09 00:00:00,,,-999
1857-04-09 09:00:00,4.44,1006.43,
1857-04-09 21:00:00,3.33,1007.45,
1857-04-10 00:00:00,,,-999
1857-04-10 09:00:00,3.33,1005.76,
1857-04-10 21:00:00,2.78,1002.37,
1857-04-11 00:00:00,,,-999
1857-04-11 09:00:00,4.44,998.98,
1857-04-11 21:00:00,5.56,998.31,
1857-04-12 00:00:00,,,SH
1857-04-12 09:00:00,4.44,999.66,
1857-04-12 21:00:00,3.33,1003.05,
1857-04-13 00:00:00,,,-999
1857-04-13 09:00:00,4.44,1004.06,
1857-04-13 21:00:00,2.22,1000.68,
1857-04-14 00:00:00,,,RA
1857-04-14 09:00:00,4.44,993.91,
1857-04-14 21:00:00,4.44,989.5,
1857-04-15 00:00:00,,,SN
1857-04-15 09:00:00,1.67,980.36,
1857-04-15 21:00:00,0.56,984.76,
1857-04-16 00:00:00,,,SN
1857-04-16 09:00:00,1.67,988.15,
1857-04-16 21:00:00,1.67,995.6,
1857-04-17 00:00:00,,,-999
1857-04-17 09:00:00,2.22,1001.02,
1857-04-17 21:00:00,0,1003.73,
1857-04-18 00:00:00,,,-999
1857-04-18 09:00:00,1.11,1001.02,
1857-04-18 21:00:00,3.33,998.31,
1857-04-19 00:00:00,,,SN
1857-04-19 09:00:00,2.78,997.29,
1857-04-19 21:00:00,2.78,998.98,
1857-04-20 00:00:00,,,-999
1857-04-20 09:00:00,2.78,1000.68,
1857-04-20 21:00:00,4.44,998.98,
1857-04-21 00:00:00,,,SN
1857-04-21 09:00:00,3.33,993.91,
1857-04-21 21:00:00,4.44,996.61,
1857-04-22 00:00:00,,,SH
1857-04-22 09:00:00,7.22,998.98,
1857-04-22 21:00:00,6.67,998.98,
1857-04-23 00:00:00,,,-999
1857-04-23 09:00:00,6.67,1000.34,
1857-04-23 21:00:00,5.56,1002.37,
1857-04-24 00:00:00,,,-999
1857-04-24 09:00:00,7.78,1003.05,
1857-04-24 21:00:00,7.78,1002.37,
1857-04-25 00:00:00,,,-999
1857-04-25 09:00:00,7.22,1003.73,
1857-04-25 21:00:00,5.56,1004.06,
1857-04-26 00:00:00,,,SN
1857-04-26 09:00:00,6.11,1002.37,
1857-04-26 21:00:00,4.44,990.52,
1857-04-27 00:00:00,,,SH
1857-04-27 09:00:00,6.67,986.46,
1857-04-27 21:00:00,4.44,997.29,
1857-04-28 00:00:00,,,-999
1857-04-28 09:00:00,6.11,1002.37,
1857-04-28 21:00:00,5,1008.47,
1857-04-29 00:00:00,,,-999
1857-04-29 09:00:00,5.56,1010.5,
1857-04-29 21:00:00,6.11,1010.5,
1857-04-30 00:00:00,,,-999
1857-04-30 09:00:00,6.11,1014.56,
1857-04-30 21:00:00,5.56,1009.14,
1857-05-01 00:00:00,,,RA
1857-05-01 09:00:00,7.22,1004.06,
1857-05-01 21:00:00,10,998.98,
1857-05-02 00:00:00,,,RA
1857-05-02 09:00:00,8.33,995.94,
1857-05-02 21:00:00,6.11,1002.37,
1857-05-03 00:00:00,,,HALO
1857-05-03 09:00:00,8.89,1005.76,
1857-05-03 21:00:00,8.33,1005.76,
1857-05-04 00:00:00,,,RA
1857-05-04 09:00:00,3.33,1004.06,
1857-05-04 21:00:00,6.11,992.21,
1857-05-05 00:00:00,,,RA
1857-05-05 09:00:00,6.11,989.84,
1857-05-05 21:00:00,7.22,993.91,
1857-05-06 00:00:00,,,RA
1857-05-06 09:00:00,6.11,997.29,
1857-05-06 21:00:00,6.11,1002.37,
1857-05-07 00:00:00,,,AU
1857-05-07 09:00:00,8.89,1007.79,
1857-05-07 21:00:00,6.67,1007.11,
1857-05-08 00:00:00,,,AU
1857-05-08 09:00:00,10,1011.18,
1857-05-08 21:00:00,8.89,1006.43,
1857-05-09 00:00:00,,,RA
1857-05-09 09:00:00,12.78,1002.37,
1857-05-09 21:00:00,18.89,995.6,
1857-05-10 00:00:00,,,-999
1857-05-10 09:00:00,12.78,995.6,
1857-05-10 21:00:00,2.22,1005.76,
1857-05-11 00:00:00,,,-999
1857-05-11 09:00:00,0.56,1010.16,
1857-05-11 21:00:00,1.67,1009.14,
1857-05-12 00:00:00,,,-999
1857-05-12 09:00:00,6.11,1011.51,
1857-05-12 21:00:00,7.22,1010.16,
1857-05-13 00:00:00,,,-999
1857-05-13 09:00:00,8.89,1010.84,
1857-05-13 21:00:00,8.33,1002.37,
1857-05-14 00:00:00,,,RA
1857-05-14 09:00:00,6.11,997.29,
1857-05-14 21:00:00,6.67,993.91,
1857-05-15 00:00:00,,,RA
1857-05-15 09:00:00,5.56,989.5,
1857-05-15 21:00:00,8.89,995.6,
1857-05-16 00:00:00,,,-999
1857-05-16 09:00:00,12.22,998.98,
1857-05-16 21:00:00,4.44,1003.73,
1857-05-17 00:00:00,,,-999
1857-05-17 09:00:00,6.67,1006.43,
1857-05-17 21:00:00,7.78,1009.82,
1857-05-18 00:00:00,,,-999
1857-05-18 09:00:00,10,1009.82,
1857-05-18 21:00:00,7.22,1007.79,
1857-05-19 00:00:00,,,-999
1857-05-19 09:00:00,10.56,1006.77,
1857-05-19 21:00:00,11.11,1005.76,
1857-05-20 00:00:00,,,-999
1857-05-20 09:00:00,12.78,1005.08,
1857-05-20 21:00:00,11.67,1004.06,
1857-05-21 00:00:00,,,-999
1857-05-21 09:00:00,15.56,1002.37,
1857-05-21 21:00:00,15.56,1001.69,
1857-05-22 00:00:00,,,-999
1857-05-22 09:00:00,18.89,1002.37,
1857-05-22 21:00:00,18.89,999.66,
1857-05-23 00:00:00,,,-999
1857-05-23 09:00:00,22.22,1000.68,
1857-05-23 21:00:00,21.11,1001.02,
1857-05-24 00:00:00,,,-999
1857-05-24 09:00:00,22.22,1002.37,
1857-05-24 21:00:00,23.33,1000.68,
1857-05-25 00:00:00,,,-999
1857-05-25 09:00:00,24.44,1001.02,
1857-05-25 21:00:00,23.33,1000.34,
1857-05-26 00:00:00,,,-999
1857-05-26 09:00:00,18.89,1000.68,
1857-05-26 21:00:00,18.33,998.98,
1857-05-27 00:00:00,,,RA
1857-05-27 09:00:00,19.44,997.29,
1857-05-27 21:00:00,15.56,997.63,
1857-05-28 00:00:00,,,RA
1857-05-28 09:00:00,15.56,993.23,
1857-05-28 21:00:00,13.89,993.92,
1857-05-29 00:00:00,,,-999
1857-05-29 09:00:00,14.44,994.92,
1857-05-29 21:00:00,13.33,998.31,
1857-05-30 00:00:00,,,RA
1857-05-30 09:00:00,17.22,1001.69,
1857-05-30 21:00:00,16.67,1001.69,
1857-05-31 00:00:00,,,-999
1857-05-31 09:00:00,13.33,999.66,
1857-05-31 21:00:00,11.67,-999,
1857-06-01 00:00:00,,,RA
1857-06-01 09:00:00,15.56,992.89,
1857-06-01 21:00:00,18.33,992.21,
1857-06-02 00:00:00,,,-999
1857-06-02 09:00:00,17.22,991.53,
1857-06-02 21:00:00,13.89,992.21,
1857-06-03 00:00:00,,,SH
1857-06-03 09:00:00,18.33,993.57,
1857-06-03 21:00:00,12.78,995.6,
1857-06-04 00:00:00,,,-999
1857-06-04 09:00:00,13.33,1001.36,
1857-06-04 21:00:00,11.11,1003.05,
1857-06-05 00:00:00,,,-999
1857-06-05 09:00:00,13.33,1004.06,
1857-06-05 21:00:00,11.67,1002.37,
1857-06-06 00:00:00,,,-999
1857-06-06 09:00:00,15.56,1000.68,
1857-06-06 21:00:00,17.78,994.58,
1857-06-07 00:00:00,,,-999
1857-06-07 09:00:00,18.89,990.86,
1857-06-07 21:00:00,12.78,996.61,
1857-06-08 00:00:00,,,RA
1857-06-08 09:00:00,8.89,997.29,
1857-06-08 21:00:00,10,997.29,
1857-06-09 00:00:00,,,RA
1857-06-09 09:00:00,14.44,998.98,
1857-06-09 21:00:00,13.89,1002.37,
1857-06-10 00:00:00,,,FG
1857-06-10 09:00:00,17.78,1002.37,
1857-06-10 21:00:00,11.67,992.89,
1857-06-11 00:00:00,,,RA
1857-06-11 09:00:00,13.89,983.07,
1857-06-11 21:00:00,14.44,987.81,
1857-06-12 00:00:00,,,RA
1857-06-12 09:00:00,16.67,989.5,
1857-06-12 21:00:00,17.22,989.5,
1857-06-13 00:00:00,,,-999
1857-06-13 09:00:00,20,992.21,
1857-06-13 21:00:00,15.56,998.65,
1857-06-14 00:00:00,,,-999
1857-06-14 09:00:00,16.67,1005.76,
1857-06-14 21:00:00,17.22,1005.76,
1857-06-15 00:00:00,,,-999
1857-06-15 09:00:00,14.44,1006.43,
1857-06-15 21:00:00,11.67,1004.06,
1857-06-16 00:00:00,,,RA
1857-06-16 09:00:00,11.11,1000,
1857-06-16 21:00:00,8.89,997.29,
1857-06-17 00:00:00,,,BR
1857-06-17 09:00:00,10,996.61,
1857-06-17 21:00:00,12.22,996.95,
1857-06-18 00:00:00,,,RA
1857-06-18 09:00:00,10.56,996.28,
1857-06-18 21:00:00,14.44,993.91,
1857-06-19 00:00:00,,,SH
1857-06-19 09:00:00,12.22,992.89,
1857-06-19 21:00:00,14.44,994.92,
1857-06-20 00:00:00,,,RA
1857-06-20 09:00:00,17.78,996.28,
1857-06-20 21:00:00,14.44,995.6,
1857-06-21 00:00:00,,,SH
1857-06-21 09:00:00,18.89,999.66,
1857-06-21 21:00:00,16.67,999.66,
1857-06-22 00:00:00,,,RA
1857-06-22 09:00:00,13.89,996.28,
1857-06-22 21:00:00,13.33,999.66,
1857-06-23 00:00:00,,,-999
1857-06-23 09:00:00,16.67,1003.05,
1857-06-23 21:00:00,16.11,1005.08,
1857-06-24 00:00:00,,,-999
1857-06-24 09:00:00,19.44,1005.76,
1857-06-24 21:00:00,20,1005.08,
1857-06-25 00:00:00,,,-999
1857-06-25 09:00:00,20,1007.11,
1857-06-25 21:00:00,23.33,1004.4,
1857-06-26 00:00:00,,,-999
1857-06-26 09:00:00,24.44,1006.43,
1857-06-26 21:00:00,21.11,1005.08,
1857-06-27 00:00:00,,,-999
1857-06-27 09:00:00,23.33,1005.76,
1857-06-27 21:00:00,19.44,1003.05,
1857-06-28 00:00:00,,,-999
1857-06-28 09:00:00,27.22,1002.37,
1857-06-28 21:00:00,19.44,999.66,
1857-06-29 00:00:00,,,RA
1857-06-29 09:00:00,20,998.31,
1857-06-29 21:00:00,21.11,998.98,
1857-06-30 00:00:00,,,-999
1857-06-30 09:00:00,18.33,997.63,
1857-06-30 21:00:00,15.56,997.63,
1857-07-01 00:00:00,,,RA
1857-07-01 09:00:00,12.78,998.98,
1857-07-01 21:00:00,10,1002.37,
1857-07-02 00:00:00,,,-999
1857-07-02 09:00:00,10,1005.76,
1857-07-02 21:00:00,11.67,1007.45,
1857-07-03 00:00:00,,,RA
1857-07-03 09:00:00,17.78,1006.43,
1857-07-03 21:00:00,17.78,1004.06,
1857-07-04 00:00:00,,,-999
1857-07-04 09:00:00,21.11,1007.45,
1857-07-04 21:00:00,20,1009.14,
1857-07-05 00:00:00,,,SH
1857-07-05 09:00:00,21.11,1010.84,
1857-07-05 21:00:00,21.67,1009.48,
1857-07-06 00:00:00,,,TS
1857-07-06 09:00:00,22.78,1009.14,
1857-07-06 21:00:00,18.89,1006.77,
1857-07-07 00:00:00,,,TS
1857-07-07 09:00:00,22.78,1005.08,
1857-07-07 21:00:00,22.22,1004.4,
1857-07-08 00:00:00,,,-999
1857-07-08 09:00:00,22.78,1009.14,
1857-07-08 21:00:00,21.11,1010.16,
1857-07-09 00:00:00,,,-999
1857-07-09 09:00:00,22.22,1011.85,
1857-07-09 21:00:00,20,1011.51,
1857-07-10 00:00:00,,,-999
1857-07-10 09:00:00,22.78,1011.85,
1857-07-10 21:00:00,22.22,1010.84,
1857-07-11 00:00:00,,,-999
1857-07-11 09:00:00,25.56,1011.85,
1857-07-11 21:00:00,25.56,1009.14,
1857-07-12 00:00:00,,,-999
1857-07-12 09:00:00,28.33,1009.14,
1857-07-12 21:00:00,26.67,1007.45,
1857-07-13 00:00:00,,,-999
1857-07-13 09:00:00,28.89,1007.45,
1857-07-13 21:00:00,26.67,1005.08,
1857-07-14 00:00:00,,,TS
1857-07-14 09:00:00,28.33,1004.06,
1857-07-14 21:00:00,25.56,1002.37,
1857-07-15 00:00:00,,,TS
1857-07-15 09:00:00,29.44,1003.39,
1857-07-15 21:00:00,26.11,1002.37,
1857-07-16 00:00:00,,,SH
1857-07-16 09:00:00,23.33,1002.37,
1857-07-16 21:00:00,23.89,1003.05,
1857-07-17 00:00:00,,,FG
1857-07-17 09:00:00,22.78,1004.06,
1857-07-17 21:00:00,25.56,1002.37,
1857-07-18 00:00:00,,,-999
1857-07-18 09:00:00,27.78,1001.69,
1857-07-18 21:00:00,26.67,1000,
1857-07-19 00:00:00,,,TS
1857-07-19 09:00:00,26.67,996.95,
1857-07-19 21:00:00,25.56,994.24,
1857-07-20 00:00:00,,,TS
1857-07-20 09:00:00,26.67,994.92,
1857-07-20 21:00:00,21.11,994.58,
1857-07-21 00:00:00,,,SH
1857-07-21 09:00:00,21.11,994.58,
1857-07-21 21:00:00,20.56,995.6,
1857-07-22 00:00:00,,,LT
1857-07-22 09:00:00,20,997.63,
1857-07-22 21:00:00,20,1000.68,
1857-07-23 00:00:00,,,RA
1857-07-23 09:00:00,20,1002.37,
1857-07-23 21:00:00,18.89,1002.71,
1857-07-24 00:00:00,,,TS
1857-07-24 09:00:00,19.44,1000.34,
1857-07-24 21:00:00,20,1004.06,
1857-07-25 00:00:00,,,SH
1857-07-25 09:00:00,23.33,1007.79,
1857-07-25 21:00:00,23.33,1008.47,
1857-07-26 00:00:00,,,-999
1857-07-26 09:00:00,25.56,1009.48,
1857-07-26 21:00:00,25.56,1008.13,
1857-07-27 00:00:00,,,-999
1857-07-27 09:00:00,27.78,1006.43,
1857-07-27 21:00:00,26.67,1002.37,
1857-07-28 00:00:00,,,RA
1857-07-28 09:00:00,25.56,1000.68,
1857-07-28 21:00:00,22.22,1004.4,
1857-07-29 00:00:00,,,-999
1857-07-29 09:00:00,23.33,1008.47,
1857-07-29 21:00:00,22.22,1007.45,
1857-07-30 00:00:00,,,-999
1857-07-30 09:00:00,22.78,1005.76,
1857-07-30 21:00:00,21.67,1002.37,
1857-07-31 00:00:00,,,TS
1857-07-31 09:00:00,25.56,1000,
1857-07-31 21:00:00,19.44,999.66,
1857-09-01 00:00:00,,,-999
1857-09-01 09:00:00,21.67,1014.56,
1857-09-01 21:00:00,21.11,1014.22,
1857-09-02 00:00:00,,,-999
1857-09-02 09:00:00,21.11,1015.24,
1857-09-02 21:00:00,21.11,1015.24,
1857-09-03 00:00:00,,,FG
1857-09-03 09:00:00,21.11,1016.59,
1857-09-03 21:00:00,21.67,1015.92,
1857-09-04 00:00:00,,,-999
1857-09-04 09:00:00,21.67,1015.92,
1857-09-04 21:00:00,22.22,1012.53,
1857-09-05 00:00:00,,,TS
1857-09-05 09:00:00,23.89,1009.14,
1857-09-05 21:00:00,20,1007.79,
1857-09-06 00:00:00,,,-999
1857-09-06 09:00:00,17.22,1015.24,
1857-09-06 21:00:00,14.44,1015.58,
1857-09-07 00:00:00,,,-999
1857-09-07 09:00:00,16.11,1018.63,
1857-09-07 21:00:00,13.33,1017.95,
1857-09-08 00:00:00,,,-999
1857-09-08 09:00:00,14.44,1016.59,
1857-09-08 21:00:00,17.22,1013.21,
1857-09-09 00:00:00,,,-999
1857-09-09 09:00:00,18.89,1012.53,
1857-09-09 21:00:00,20.56,1009.14,
1857-09-10 00:00:00,,,-999
1857-09-10 09:00:00,22.22,1005.76,
1857-09-10 21:00:00,25,1004.4,
1857-09-11 00:00:00,,,LT
1857-09-11 09:00:00,26.67,1005.76,
1857-09-11 21:00:00,25.56,1006.43,
1857-09-12 00:00:00,,,FG
1857-09-12 09:00:00,18.89,1007.45,
1857-09-12 21:00:00,18.89,1005.08,
1857-09-13 00:00:00,,,LT
1857-09-13 09:00:00,21.67,1004.06,
1857-09-13 21:00:00,22.22,1003.05,
1857-09-14 00:00:00,,,SH
1857-09-14 09:00:00,23.33,1002.37,
1857-09-14 21:00:00,20,1004.4,
1857-09-15 00:00:00,,,-999
1857-09-15 09:00:00,18.33,1009.14,
1857-09-15 21:00:00,16.67,1011.18,
1857-09-16 00:00:00,,,RA
1857-09-16 09:00:00,15.56,1011.85,
1857-09-16 21:00:00,16.11,1005.76,
1857-09-17 00:00:00,,,TS
1857-09-17 09:00:00,19.44,996.95,
1857-09-17 21:00:00,18.89,1000.68,
1857-09-18 00:00:00,,,-999
1857-09-18 09:00:00,13.89,1007.45,
1857-09-18 21:00:00,12.78,1009.14,
1857-09-19 00:00:00,,,RA
1857-09-19 09:00:00,11.11,1007.45,
1857-09-19 21:00:00,12.22,1000.34,
1857-09-20 00:00:00,,,-999
1857-09-20 09:00:00,11.11,1004.06,
1857-09-20 21:00:00,11.67,1008.47,
1857-09-21 00:00:00,,,-999
1857-09-21 09:00:00,10,1010.5,
1857-09-21 21:00:00,12.78,1007.45,
1857-09-22 00:00:00,,,RA
1857-09-22 09:00:00,11.67,1000.68,
1857-09-22 21:00:00,11.11,998.98,
1857-09-23 00:00:00,,,AU
1857-09-23 09:00:00,10,1000.68,
1857-09-23 21:00:00,12.22,999.66,
1857-09-24 00:00:00,,,-999
1857-09-24 09:00:00,13.89,1003.39,
1857-09-24 21:00:00,16.67,1003.73,
1857-09-25 00:00:00,,,-999
1857-09-25 09:00:00,18.33,1006.1,
1857-09-25 21:00:00,18.89,1005.76,
1857-09-26 00:00:00,,,-999
1857-09-26 09:00:00,18.89,1011.51,
1857-09-26 21:00:00,15.56,1011.51,
1857-09-27 00:00:00,,,LT
1857-09-27 09:00:00,21.67,1008.47,
1857-09-27 21:00:00,20,1004.74,
1857-09-28 00:00:00,,,SH
1857-09-28 09:00:00,17.22,1003.05,
1857-09-28 21:00:00,10.56,1008.13,
1857-09-29 00:00:00,,,-999
1857-09-29 09:00:00,10,1009.82,
1857-09-29 21:00:00,7.22,1011.51,
1857-09-30 00:00:00,,,HALO
1857-09-30 09:00:00,7.78,1009.14,
1857-09-30 21:00:00,7.78,1009.14,
1857-10-01 00:00:00,,,RA
1857-10-01 09:00:00,11.11,1004.06,
1857-10-01 21:00:00,10.56,1004.06,
1857-10-02 00:00:00,,,-999
1857-10-02 09:00:00,7.78,1008.47,
1857-10-02 21:00:00,10,1011.51,
1857-10-03 00:00:00,,,BR
1857-10-03 09:00:00,7.22,1013.55,
1857-10-03 21:00:00,11.67,1013.55,
1857-10-04 00:00:00,,,BR
1857-10-04 09:00:00,12.78,1015.24,
1857-10-04 21:00:00,12.22,1014.22,
1857-10-05 00:00:00,,,FG
1857-10-05 09:00:00,12.78,1013.88,
1857-10-05 21:00:00,12.22,1011.85,
1857-10-06 00:00:00,,,-999
1857-10-06 09:00:00,14.44,1009.14,
1857-10-06 21:00:00,13.33,1008.47,
1857-10-07 00:00:00,,,-999
1857-10-07 09:00:00,12.78,1009.14,
1857-10-07 21:00:00,12.78,1007.79,
1857-10-08 00:00:00,,,-999
1857-10-08 09:00:00,12.22,1007.45,
1857-10-08 21:00:00,11.67,1006.43,
1857-10-09 00:00:00,,,LT
1857-10-09 09:00:00,10.56,1005.76,
1857-10-09 21:00:00,12.22,1007.79,
1857-10-10 00:00:00,,,-999
1857-10-10 09:00:00,11.67,1011.18,
1857-10-10 21:00:00,12.22,1011.18,
1857-10-11 00:00:00,,,BR
1857-10-11 09:00:00,12.22,1010.5,
1857-10-11 21:00:00,11.11,1008.13,
1857-10-12 00:00:00,,,RA
1857-10-12 09:00:00,13.89,1005.76,
1857-10-12 21:00:00,16.67,1007.11,
1857-10-13 00:00:00,,,RA
1857-10-13 09:00:00,15.56,1009.14,
1857-10-13 21:00:00,11.11,1009.82,
1857-10-14 00:00:00,,,-999
1857-10-14 09:00:00,10,1009.14,
1857-10-14 21:00:00,12.22,1005.08,
1857-10-15 00:00:00,,,-999
1857-10-15 09:00:00,12.22,1001.69,
1857-10-15 21:00:00,11.67,995.6,
1857-10-16 00:00:00,,,-999
1857-10-16 09:00:00,10,992.21,
1857-10-16 21:00:00,7.78,998.98,
1857-10-17 00:00:00,,,RA
1857-10-17 09:00:00,6.67,1004.4,
1857-10-17 21:00:00,11.11,1004.4,
1857-10-18 00:00:00,,,RA
1857-10-18 09:00:00,8.89,1015.24,
1857-10-18 21:00:00,10,1009.82,
1857-10-19 00:00:00,,,RA
1857-10-19 09:00:00,11.11,999.66,
1857-10-19 21:00:00,6.11,998.98,
1857-10-20 00:00:00,,,SN
1857-10-20 09:00:00,2.78,1003.05,
1857-10-20 21:00:00,1.67,1011.85,
1857-10-21 00:00:00,,,-999
1857-10-21 09:00:00,4.44,1012.53,
1857-10-21 21:00:00,3.33,1013.21,
1857-10-22 00:00:00,,,-999
1857-10-22 09:00:00,3.33,1014.56,
1857-10-22 21:00:00,8.89,1012.53,
1857-10-23 00:00:00,,,HZ
1857-10-23 09:00:00,8.89,1011.85,
1857-10-23 21:00:00,8.89,1011.18,
1857-10-24 00:00:00,,,SH
1857-10-24 09:00:00,10,1007.79,
1857-10-24 21:00:00,11.11,999.66,
1857-10-25 00:00:00,,,-999
1857-10-25 09:00:00,10,996.28,
1857-10-25 21:00:00,11.11,998.98,
1857-10-26 00:00:00,,,-999
1857-10-26 09:00:00,6.67,1000.34,
1857-10-26 21:00:00,5.56,1000.68,
1857-10-27 00:00:00,,,-999
1857-10-27 09:00:00,3.33,1002.37,
1857-10-27 21:00:00,6.11,1003.05,
1857-10-28 00:00:00,,,-999
1857-10-28 09:00:00,5,1001.69,
1857-10-28 21:00:00,4.44,999.66,
1857-10-29 00:00:00,,,SN
1857-10-29 09:00:00,4.44,998.98,
1857-10-29 21:00:00,6.67,997.63,
1857-10-30 00:00:00,,,-999
1857-10-30 09:00:00,3.33,997.29,
1857-10-30 21:00:00,6.11,997.63,
1857-10-31 00:00:00,,,-999
1857-10-31 09:00:00,6.67,998.98,
1857-10-31 21:00:00,5.56,1000.68,
1857-12-01 00:00:00,,,-999
1857-12-01 09:00:00,3.33,1006.43,
1857-12-01 21:00:00,3.33,1007.79,
1857-12-02 00:00:00,,,-999
1857-12-02 09:00:00,3.33,1005.08,
1857-12-02 21:00:00,5,1000,
1857-12-03 00:00:00,,,-999
1857-12-03 09:00:00,0.56,1006.43,
1857-12-03 21:00:00,0.56,1009.14,
1857-12-04 00:00:00,,,-999
1857-12-04 09:00:00,-1.11,1011.18,
1857-12-04 21:00:00,0,1005.76,
1857-12-05 00:00:00,,,SN
1857-12-05 09:00:00,0,1003.05,
1857-12-05 21:00:00,-0.56,1004.74,
1857-12-06 00:00:00,,,RA
1857-12-06 09:00:00,1.67,994.58,
1857-12-06 21:00:00,6.67,986.46,
1857-12-07 00:00:00,,,-999
1857-12-07 09:00:00,2.78,1002.37,
1857-12-07 21:00:00,4.44,1002.37,
1857-12-08 00:00:00,,,RA
1857-12-08 09:00:00,4.44,1003.05,
1857-12-08 21:00:00,3.33,1007.45,
1857-12-09 00:00:00,,,RA
1857-12-09 09:00:00,4.44,993.91,
1857-12-09 21:00:00,7.22,990.52,
1857-12-10 00:00:00,,,SH
1857-12-10 09:00:00,2.22,996.28,
1857-12-10 21:00:00,0.56,1004.06,
1857-12-11 00:00:00,,,-999
1857-12-11 09:00:00,-3.33,1010.84,
1857-12-11 21:00:00,-2.22,1019.98,
1857-12-12 00:00:00,,,-999
1857-12-12 09:00:00,-3.89,1023.37,
1857-12-12 21:00:00,-2.78,1019.98,
1857-12-13 00:00:00,,,-999
1857-12-13 09:00:00,-1.11,1015.92,
1857-12-13 21:00:00,5.56,1007.45,
1857-12-14 00:00:00,,,-999
1857-12-14 09:00:00,6.11,1007.11,
1857-12-14 21:00:00,3.33,1010.16,
1857-12-15 00:00:00,,,-999
1857-12-15 09:00:00,3.33,1013.21,
1857-12-15 21:00:00,3.89,1012.53,
1857-12-16 00:00:00,,,-999
1857-12-16 09:00:00,3.33,1010.84,
1857-12-16 21:00:00,2.78,1010.84,
1857-12-17 00:00:00,,,FG
1857-12-17 09:00:00,0.56,1006.43,
1857-12-17 21:00:00,2.22,999.66,
1857-12-18 00:00:00,,,FG
1857-12-18 09:00:00,5,987.13,
1857-12-18 21:00:00,1.67,1000,
1857-12-19 00:00:00,,,RA
1857-12-19 09:00:00,-1.11,1012.53,
1857-12-19 21:00:00,-1.11,1014.56,
1857-12-20 00:00:00,,,-999
1857-12-20 09:00:00,-1.11,1017.95,
1857-12-20 21:00:00,-2.22,1016.93,
1857-12-21 00:00:00,,,AU
1857-12-21 09:00:00,-2.78,1012.53,
1857-12-21 21:00:00,0.56,998.31,
1857-12-22 00:00:00,,,SN
1857-12-22 09:00:00,1.67,991.53,
1857-12-22 21:00:00,-2.22,994.92,
1857-12-23 00:00:00,,,SN
1857-12-23 09:00:00,-1.11,986.12,
1857-12-23 21:00:00,0.56,986.79,
1857-12-24 00:00:00,,,-999
1857-12-24 09:00:00,-0.56,1000.34,
1857-12-24 21:00:00,-5,1007.45,
1857-12-25 00:00:00,,,-999
1857-12-25 09:00:00,-5,1004.4,
1857-12-25 21:00:00,-5,998.98,
1857-12-26 00:00:00,,,SN
1857-12-26 09:00:00,-5,994.24,
1857-12-26 21:00:00,-5,1003.73,
1857-12-27 00:00:00,,,SN
1857-12-27 09:00:00,-6.67,1009.14,
1857-12-27 21:00:00,0.56,1000.34,
1857-12-28 00:00:00,,,-999
1857-12-28 09:00:00,3.33,998.98,
1857-12-28 21:00:00,3.33,1003.73,
1857-12-29 00:00:00,,,-999
1857-12-29 09:00:00,-1.11,1002.37,
1857-12-29 21:00:00,-3.33,1003.05,
1857-12-30 00:00:00,,,-999
1857-12-30 09:00:00,0.56,991.53,
1857-12-30 21:00:00,1.67,987.47,
1857-12-31 00:00:00,,,SN
1857-12-31 09:00:00,1.11,980.02,
1857-12-31 21:00:00,0,992.89,
1858-01-01 00:00:00,,,SN
1858-01-01 09:00:00,0.56,989.5,
1858-01-01 21:00:00,-2.22,1009.14,
1858-01-02 00:00:00,,,-999
1858-01-02 09:00:00,-2.22,1007.45,
1858-01-02 21:00:00,-1.11,1004.74,
1858-01-03 00:00:00,,,-999
1858-01-03 09:00:00,-1.11,1000.68,
1858-01-03 21:00:00,3.33,993.91,
1858-01-04 00:00:00,,,-999
1858-01-04 09:00:00,5.56,987.13,
1858-01-04 21:00:00,6.11,990.52,
1858-01-05 00:00:00,,,SN
1858-01-05 09:00:00,4.44,993.91,
1858-01-05 21:00:00,1.11,997.29,
1858-01-06 00:00:00,,,SN
1858-01-06 09:00:00,-5,997.63,
1858-01-06 21:00:00,0.56,1000.34,
1858-01-07 00:00:00,,,-999
1858-01-07 09:00:00,-2.22,1012.87,
1858-01-07 21:00:00,0,1023.37,
1858-01-08 00:00:00,,,-999
1858-01-08 09:00:00,-5.56,1026.75,
1858-01-08 21:00:00,-5,1015.24,
1858-01-09 00:00:00,,,-999
1858-01-09 09:00:00,0.56,1004.4,
1858-01-09 21:00:00,0.56,1007.79,
1858-01-10 00:00:00,,,RA
1858-01-10 09:00:00,-4.44,1013.88,
1858-01-10 21:00:00,1.67,1003.73,
1858-01-11 00:00:00,,,RA
1858-01-11 09:00:00,8.89,985.44,
1858-01-11 21:00:00,5.56,994.92,
1858-01-12 00:00:00,,,-999
1858-01-12 09:00:00,2.22,1009.82,
1858-01-12 21:00:00,1.11,1006.43,
1858-01-13 00:00:00,,,-999
1858-01-13 09:00:00,3.33,997.63,
1858-01-13 21:00:00,0.56,1010.5,
1858-01-14 00:00:00,,,-999
1858-01-14 09:00:00,0,1013.21,
1858-01-14 21:00:00,0.56,1012.53,
1858-01-15 00:00:00,,,RA
1858-01-15 09:00:00,0.56,1006.43,
1858-01-15 21:00:00,3.33,989.5,
1858-01-16 00:00:00,,,-999
1858-01-16 09:00:00,3.33,988.83,
1858-01-16 21:00:00,3.33,998.98,
1858-01-17 00:00:00,,,SN
1858-01-17 09:00:00,-2.78,1005.76,
1858-01-17 21:00:00,-2.22,1005.76,
1858-01-18 00:00:00,,,-999
1858-01-18 09:00:00,-1.11,1002.71,
1858-01-18 21:00:00,0.56,1005.42,
1858-01-19 00:00:00,,,SN
1858-01-19 09:00:00,0,1005.76,
1858-01-19 21:00:00,-1.11,1005.76,
1858-01-20 00:00:00,,,-999
1858-01-20 09:00:00,-2.78,1006.77,
1858-01-20 21:00:00,0.56,1009.14,
1858-01-21 00:00:00,,,-999
1858-01-21 09:00:00,1.67,1009.14,
1858-01-21 21:00:00,2.22,1012.53,
1858-01-22 00:00:00,,,-999
1858-01-22 09:00:00,-3.89,1022.01,
1858-01-22 21:00:00,-5,1022.69,
1858-01-23 00:00:00,,,-999
1858-01-23 09:00:00,-3.89,1019.3,
1858-01-23 21:00:00,-1.11,1016.93,
1858-01-24 00:00:00,,,RA
1858-01-24 09:00:00,0,1015.92,
1858-01-24 21:00:00,3.33,1013.21,
1858-01-25 00:00:00,,,RA
1858-01-25 09:00:00,6.11,1011.18,
1858-01-25 21:00:00,5.56,1004.06,
1858-01-26 00:00:00,,,-999
1858-01-26 09:00:00,8.89,995.6,
1858-01-26 21:00:00,7.22,997.29,
1858-01-27 00:00:00,,,SN
1858-01-27 09:00:00,3.33,997.29,
1858-01-27 21:00:00,0,1000,
1858-01-28 00:00:00,,,-999
1858-01-28 09:00:00,-3.89,997.29,
1858-01-28 21:00:00,-1.11,995.6,
1858-01-29 00:00:00,,,-999
1858-01-29 09:00:00,-2.22,997.63,
1858-01-29 21:00:00,-1.67,1000.34,
1858-01-30 00:00:00,,,-999
1858-01-30 09:00:00,-4.44,1003.73,
1858-01-30 21:00:00,-7.78,1007.11,
1858-01-31 00:00:00,,,-999
1858-01-31 09:00:00,-8.89,1008.47,
1858-01-31 21:00:00,-6.67,1007.79,
1858-02-01 00:00:00,,,SN
1858-02-01 09:00:00,-6.67,1005.42,
1858-02-01 21:00:00,1.11,992.21,
1858-02-02 00:00:00,,,SN
1858-02-02 09:00:00,-0.56,982.73,
1858-02-02 21:00:00,0,991.53,
1858-02-03 00:00:00,,,-999
1858-02-03 09:00:00,0,1000.68,
1858-02-03 21:00:00,-6.67,1007.45,
1858-02-04 00:00:00,,,-999
1858-02-04 09:00:00,-10,1007.45,
1858-02-04 21:00:00,-8.33,1006.43,
1858-02-05 00:00:00,,,-999
1858-02-05 09:00:00,-11.11,1004.4,
1858-02-05 21:00:00,-6.67,1005.76,
1858-02-06 00:00:00,,,SN
1858-02-06 09:00:00,-5.56,1007.79,
1858-02-06 21:00:00,-2.78,1001.02,
1858-02-07 00:00:00,,,-999
1858-02-07 09:00:00,-0.56,999.66,
1858-02-07 21:00:00,-1.11,1005.08,
1858-02-08 00:00:00,,,-999
1858-02-08 09:00:00,-5,1009.82,
1858-02-08 21:00:00,-4.44,1007.79,
1858-02-09 00:00:00,,,SN
1858-02-09 09:00:00,-3.33,994.24,
1858-02-09 21:00:00,0,980.02,
1858-02-10 00:00:00,,,DRSN
1858-02-10 09:00:00,-7.78,988.83,
1858-02-10 21:00:00,-13.33,998.65,
1858-02-11 00:00:00,,,-999
1858-02-11 09:00:00,-16.67,1005.08,
1858-02-11 21:00:00,-13.89,1007.45,
1858-02-12 00:00:00,,,-999
1858-02-12 09:00:00,-11.11,1007.45,
1858-02-12 21:00:00,-8.33,1010.84,
1858-02-13 00:00:00,,,SN
1858-02-13 09:00:00,-7.78,1009.14,
1858-02-13 21:00:00,-8.33,1002.37,
1858-02-14 00:00:00,,,SN
1858-02-14 09:00:00,-10,996.28,
1858-02-14 21:00:00,-7.22,1004.06,
1858-02-15 00:00:00,,,-999
1858-02-15 09:00:00,-8.33,1010.16,
1858-02-15 21:00:00,-5.56,1011.51,
1858-02-16 00:00:00,,,AU
1858-02-16 09:00:00,-6.67,1007.45,
1858-02-16 21:00:00,-15,1012.53,
1858-02-17 00:00:00,,,-999
1858-02-17 09:00:00,-20,1015.24,
1858-02-17 21:00:00,-13.89,1012.53,
1858-02-18 00:00:00,,,-999
1858-02-18 09:00:00,-12.22,1009.82,
1858-02-18 21:00:00,-12.78,1009.82,
1858-02-19 00:00:00,,,SN
1858-02-19 09:00:00,-11.11,1006.43,
1858-02-19 21:00:00,-7.78,1001.69,
1858-02-20 00:00:00,,,SN
1858-02-20 09:00:00,-9.44,998.98,
1858-02-20 21:00:00,-7.78,998.98,
1858-02-21 00:00:00,,,SN
1858-02-21 09:00:00,-3.89,993.91,
1858-02-21 21:00:00,-7.78,1003.05,
1858-02-22 00:00:00,,,-999
1858-02-22 09:00:00,-7.78,1005.76,
1858-02-22 21:00:00,-7.78,1008.47,
1858-02-23 00:00:00,,,-999
1858-02-23 09:00:00,-11.67,1014.22,
1858-02-23 21:00:00,-8.89,1014.22,
1858-02-24 00:00:00,,,-999
1858-02-24 09:00:00,-8.33,1005.42,
1858-02-24 21:00:00,-3.33,999.32,
1858-02-25 00:00:00,,,SN
1858-02-25 09:00:00,-1.11,997.29,
1858-02-25 21:00:00,-6.67,1000.68,
1858-02-26 00:00:00,,,-999
1858-02-26 09:00:00,-5.56,1003.05,
1858-02-26 21:00:00,0.56,995.6,
1858-02-27 00:00:00,,,-999
1858-02-27 09:00:00,4.44,990.18,
1858-02-27 21:00:00,5.56,994.24,
1858-02-28 00:00:00,,,SN
1858-02-28 09:00:00,0.56,992.55,
1858-02-28 21:00:00,0,994.58,
1858-03-01 00:00:00,,,SN
1858-03-01 09:00:00,-3.89,997.63,
1858-03-01 21:00:00,-6.67,998.98,
1858-03-02 00:00:00,,,-999
1858-03-02 09:00:00,-10,998.31,
1858-03-02 21:00:00,-12.22,1000.68,
1858-03-03 00:00:00,,,-999
1858-03-03 09:00:00,-12.22,1000.68,
1858-03-03 21:00:00,-13.33,1007.45,
1858-03-04 00:00:00,,,SN
1858-03-04 09:00:00,-15,1010.16,
1858-03-04 21:00:00,-13.89,1013.21,
1858-03-05 00:00:00,,,-999
1858-03-05 09:00:00,-15.56,1015.58,
1858-03-05 21:00:00,-13.89,1010.16,
1858-03-06 00:00:00,,,-999
1858-03-06 09:00:00,-11.11,1005.76,
1858-03-06 21:00:00,-8.89,1000.34,
1858-03-07 00:00:00,,,-999
1858-03-07 09:00:00,-8.33,999.66,
1858-03-07 21:00:00,-6.67,997.63,
1858-03-08 00:00:00,,,-999
1858-03-08 09:00:00,-6.11,992.89,
1858-03-08 21:00:00,-6.67,988.83,
1858-03-09 00:00:00,,,SN
1858-03-09 09:00:00,-7.78,986.12,
1858-03-09 21:00:00,-3.89,989.5,
1858-03-10 00:00:00,,,-999
1858-03-10 09:00:00,-3.89,994.24,
1858-03-10 21:00:00,2.78,988.83,
1858-03-11 00:00:00,,,RA
1858-03-11 09:00:00,4.44,985.44,
1858-03-11 21:00:00,0,1005.76,
1858-03-12 00:00:00,,,AU
1858-03-12 09:00:00,-0.56,1009.14,
1858-03-12 21:00:00,0,1012.53,
1858-03-13 00:00:00,,,AU
1858-03-13 09:00:00,-0.56,1019.3,
1858-03-13 21:00:00,1.67,1010.84,
1858-03-14 00:00:00,,,RA
1858-03-14 09:00:00,5.56,1002.37,
1858-03-14 21:00:00,6.67,1007.79,
1858-03-15 00:00:00,,,BR
1858-03-15 09:00:00,3.33,1007.79,
1858-03-15 21:00:00,6.67,1006.43,
1858-03-16 00:00:00,,,RA
1858-03-16 09:00:00,6.11,1004.4,
1858-03-16 21:00:00,12.22,998.98,
1858-03-17 00:00:00,,,SH
1858-03-17 09:00:00,12.78,992.89,
1858-03-17 21:00:00,12.78,985.44,
1858-03-18 00:00:00,,,AU
1858-03-18 09:00:00,7.78,996.95,
1858-03-18 21:00:00,7.78,1007.79,
1858-03-19 00:00:00,,,-999
1858-03-19 09:00:00,5,1014.56,
1858-03-19 21:00:00,2.78,1015.24,
1858-03-20 00:00:00,,,RA
1858-03-20 09:00:00,3.33,1009.48,
1858-03-20 21:00:00,3.33,991.53,
1858-03-21 00:00:00,,,SN
1858-03-21 09:00:00,12.78,978.67,
1858-03-21 21:00:00,2.78,992.21,
1858-03-22 00:00:00,,,-999
1858-03-22 09:00:00,1.67,992.21,
1858-03-22 21:00:00,0.56,1005.76,
1858-03-23 00:00:00,,,-999
1858-03-23 09:00:00,0,1005.76,
1858-03-23 21:00:00,0,1006.43,
1858-03-24 00:00:00,,,-999
1858-03-24 09:00:00,1.11,1009.14,
1858-03-24 21:00:00,4.44,1005.76,
1858-03-25 00:00:00,,,-999
1858-03-25 09:00:00,7.22,996.28,
1858-03-25 21:00:00,3.33,1002.37,
1858-03-26 00:00:00,,,-999
1858-03-26 09:00:00,1.67,1005.76,
1858-03-26 21:00:00,2.22,1005.76,
1858-03-27 00:00:00,,,SN
1858-03-27 09:00:00,0.56,1003.05,
1858-03-27 21:00:00,1.11,995.6,
1858-03-28 00:00:00,,,-999
1858-03-28 09:00:00,2.22,998.98,
1858-03-28 21:00:00,0.56,1002.37,
1858-03-29 00:00:00,,,-999
1858-03-29 09:00:00,5.56,1005.76,
1858-03-29 21:00:00,6.67,1008.47,
1858-03-30 00:00:00,,,-999
1858-03-30 09:00:00,6.67,1011.18,
1858-03-30 21:00:00,7.22,1009.82,
1858-03-31 00:00:00,,,-999
1858-03-31 09:00:00,6.11,1010.5,
1858-03-31 21:00:00,5,1009.14,
1858-04-01 00:00:00,,,-999
1858-04-01 09:00:00,6.11,1006.43,
1858-04-01 21:00:00,6.67,1005.08,
1858-04-02 00:00:00,,,HZ
1858-04-02 09:00:00,8.89,1006.1,
1858-04-02 21:00:00,7.78,1002.37,
1858-04-03 00:00:00,,,HZ
1858-04-03 09:00:00,10,1001.69,
1858-04-03 21:00:00,8.89,999.66,
1858-04-04 00:00:00,,,TS
1858-04-04 09:00:00,7.78,996.28,
1858-04-04 21:00:00,10.56,996.95,
1858-04-05 00:00:00,,,-999
1858-04-05 09:00:00,11.67,993.91,
1858-04-05 21:00:00,4.44,1000.34,
1858-04-06 00:00:00,,,-999
1858-04-06 09:00:00,4.44,1004.4,
1858-04-06 21:00:00,1.67,1012.53,
1858-04-07 00:00:00,,,-999
1858-04-07 09:00:00,1.11,1015.24,
1858-04-07 21:00:00,2.22,1011.18,
1858-04-08 00:00:00,,,RA
1858-04-08 09:00:00,3.33,1004.4,
1858-04-08 21:00:00,4.44,992.21,
1858-04-09 00:00:00,,,-999
1858-04-09 09:00:00,8.33,987.47,
1858-04-09 21:00:00,10.56,994.92,
1858-04-10 00:00:00,,,AU
1858-04-10 09:00:00,8.89,1002.71,
1858-04-10 21:00:00,6.11,1006.77,
1858-04-11 00:00:00,,,SN
1858-04-11 09:00:00,1.67,1006.43,
1858-04-11 21:00:00,1.67,1002.71,
1858-04-12 00:00:00,,,RA
1858-04-12 09:00:00,2.22,995.94,
1858-04-12 21:00:00,3.33,989.16,
1858-04-13 00:00:00,,,FG
1858-04-13 09:00:00,5.56,985.78,
1858-04-13 21:00:00,5.56,985.78,
1858-04-14 00:00:00,,,RA
1858-04-14 09:00:00,8.89,985.44,
1858-04-14 21:00:00,8.89,988.83,
1858-04-15 00:00:00,,,-999
1858-04-15 09:00:00,8.89,992.21,
1858-04-15 21:00:00,10,993.91,
1858-04-16 00:00:00,,,-999
1858-04-16 09:00:00,10,998.31,
1858-04-16 21:00:00,7.78,999.32,
1858-04-17 00:00:00,,,-999
1858-04-17 09:00:00,7.22,1005.08,
1858-04-17 21:00:00,7.22,1006.1,
1858-04-18 00:00:00,,,-999
1858-04-18 09:00:00,6.11,1010.16,
1858-04-18 21:00:00,7.22,1010.84,
1858-04-19 00:00:00,,,RA
1858-04-19 09:00:00,5.56,1011.85,
1858-04-19 21:00:00,5,1005.08,
1858-04-20 00:00:00,,,BR
1858-04-20 09:00:00,5,996.61,
1858-04-20 21:00:00,7.22,985.44,
1858-04-21 00:00:00,,,SH
1858-04-21 09:00:00,6.11,992.21,
1858-04-21 21:00:00,10,997.63,
1858-04-22 00:00:00,,,-999
1858-04-22 09:00:00,8.33,995.6,
1858-04-22 21:00:00,18.89,985.44,
1858-04-23 00:00:00,,,RA
1858-04-23 09:00:00,8.89,995.6,
1858-04-23 21:00:00,3.33,1001.36,
1858-04-24 00:00:00,,,-999
1858-04-24 09:00:00,2.78,1000.68,
1858-04-24 21:00:00,1.11,1005.08,
1858-04-25 00:00:00,,,-999
1858-04-25 09:00:00,4.44,1007.79,
1858-04-25 21:00:00,3.33,1009.82,
1858-04-26 00:00:00,,,-999
1858-04-26 09:00:00,4.44,1010.84,
1858-04-26 21:00:00,4.44,1009.82,
1858-04-27 00:00:00,,,-999
1858-04-27 09:00:00,7.22,1009.82,
1858-04-27 21:00:00,6.67,1006.43,
1858-04-28 00:00:00,,,-999
1858-04-28 09:00:00,7.78,1005.76,
1858-04-28 21:00:00,8.33,1002.37,
1858-04-29 00:00:00,,,TS
1858-04-29 09:00:00,8.33,1000.68,
1858-04-29 21:00:00,15.56,985.44,
1858-04-30 00:00:00,,,-999
1858-04-30 09:00:00,17.22,987.13,
1858-04-30 21:00:00,13.89,997.29,
1858-05-01 00:00:00,,,AU
1858-05-01 09:00:00,10,1005.76,
1858-05-01 21:00:00,8.89,1011.85,
1858-05-02 00:00:00,,,-999
1858-05-02 09:00:00,5.56,1020.66,
1858-05-02 21:00:00,6.11,1019.3,
1858-05-03 00:00:00,,,-999
1858-05-03 09:00:00,6.67,1019.3,
1858-05-03 21:00:00,6.11,1013.88,
1858-05-04 00:00:00,,,-999
1858-05-04 09:00:00,7.22,1007.45,
1858-05-04 21:00:00,8.33,1002.37,
1858-05-05 00:00:00,,,-999
1858-05-05 09:00:00,10,998.98,
1858-05-05 21:00:00,11.67,993.57,
1858-05-06 00:00:00,,,SH
1858-05-06 09:00:00,16.11,995.6,
1858-05-06 21:00:00,14.44,1000.34,
1858-05-07 00:00:00,,,AU
1858-05-07 09:00:00,16.67,1005.08,
1858-05-07 21:00:00,16.11,1004.4,
1858-05-08 00:00:00,,,-999
1858-05-08 09:00:00,17.78,1004.4,
1858-05-08 21:00:00,15.56,1000.34,
1858-05-09 00:00:00,,,AU
1858-05-09 09:00:00,22.22,996.28,
1858-05-09 21:00:00,10.56,1004.06,
1858-05-10 00:00:00,,,-999
1858-05-10 09:00:00,8.89,1006.1,
1858-05-10 21:00:00,8.89,1004.06,
1858-05-11 00:00:00,,,RA
1858-05-11 09:00:00,4.44,995.6,
1858-05-11 21:00:00,7.78,985.44,
1858-05-12 00:00:00,,,RA
1858-05-12 09:00:00,6.11,989.5,
1858-05-12 21:00:00,11.67,1001.02,
1858-05-13 00:00:00,,,-999
1858-05-13 09:00:00,11.67,1007.79,
1858-05-13 21:00:00,10,1007.79,
1858-05-14 00:00:00,,,LT
1858-05-14 09:00:00,13.33,1005.08,
1858-05-14 21:00:00,8.89,998.98,
1858-05-15 00:00:00,,,-999
1858-05-15 09:00:00,16.67,999.66,
1858-05-15 21:00:00,8.89,1007.11,
1858-05-16 00:00:00,,,-999
1858-05-16 09:00:00,7.78,1013.21,
1858-05-16 21:00:00,10,1009.82,
1858-05-17 00:00:00,,,RA
1858-05-17 09:00:00,5.56,1001.02,
1858-05-17 21:00:00,5.56,996.61,
1858-05-18 00:00:00,,,-999
1858-05-18 09:00:00,8.33,1001.02,
1858-05-18 21:00:00,7.22,1005.76,
1858-05-19 00:00:00,,,-999
1858-05-19 09:00:00,10,1006.1,
1858-05-19 21:00:00,8.89,1002.71,
1858-05-20 00:00:00,,,SH
1858-05-20 09:00:00,8.33,999.32,
1858-05-20 21:00:00,8.89,1004.06,
1858-05-21 00:00:00,,,-999
1858-05-21 09:00:00,11.67,1005.76,
1858-05-21 21:00:00,9.44,1008.13,
1858-05-22 00:00:00,,,HALO
1858-05-22 09:00:00,12.22,1011.51,
1858-05-22 21:00:00,11.11,1009.82,
1858-05-23 00:00:00,,,TS
1858-05-23 09:00:00,11.67,1005.76,
1858-05-23 21:00:00,20,990.18,
1858-05-24 00:00:00,,,-999
1858-05-24 09:00:00,13.33,994.92,
1858-05-24 21:00:00,13.89,998.31,
1858-05-25 00:00:00,,,RA
1858-05-25 09:00:00,8.89,999.66,
1858-05-25 21:00:00,7.78,995.6,
1858-05-26 00:00:00,,,RA
1858-05-26 09:00:00,8.89,990.18,
1858-05-26 21:00:00,8.89,994.92,
1858-05-27 00:00:00,,,RA
1858-05-27 09:00:00,7.78,1001.36,
1858-05-27 21:00:00,8.33,1002.37,
1858-05-28 00:00:00,,,-999
1858-05-28 09:00:00,8.89,1004.74,
1858-05-28 21:00:00,10,1007.79,
1858-05-29 00:00:00,,,RA
1858-05-29 09:00:00,11.67,1004.4,
1858-05-29 21:00:00,10,1002.37,
1858-05-30 00:00:00,,,TS
1858-05-30 09:00:00,11.67,1003.05,
1858-05-30 21:00:00,11.11,1000.34,
1858-05-31 00:00:00,,,TS
1858-05-31 09:00:00,20,993.57,
1858-05-31 21:00:00,15.56,1002.37,
1858-06-01 00:00:00,,,-999
1858-06-01 09:00:00,20,1005.08,
1858-06-01 21:00:00,18.33,1005.76,
1858-06-02 00:00:00,,,-999
1858-06-02 09:00:00,21.11,1007.45,
1858-06-02 21:00:00,19.44,1010.84,
1858-06-03 00:00:00,,,-999
1858-06-03 09:00:00,18.33,1009.82,
1858-06-03 21:00:00,13.89,1003.05,
1858-06-04 00:00:00,,,TS
1858-06-04 09:00:00,14.44,995.6,
1858-06-04 21:00:00,21.11,994.58,
1858-06-05 00:00:00,,,-999
1858-06-05 09:00:00,20,1004.06,
1858-06-05 21:00:00,16.67,1002.37,
1858-06-06 00:00:00,,,RA
1858-06-06 09:00:00,15.56,997.29,
1858-06-06 21:00:00,20,1003.39,
1858-06-07 00:00:00,,,LT
1858-06-07 09:00:00,24.44,1005.76,
1858-06-07 21:00:00,19.44,1007.79,
1858-06-08 00:00:00,,,-999
1858-06-08 09:00:00,18.89,1013.55,
1858-06-08 21:00:00,17.22,1009.14,
1858-06-09 00:00:00,,,RA
1858-06-09 09:00:00,13.33,1005.76,
1858-06-09 21:00:00,11.67,1002.37,
1858-06-10 00:00:00,,,SH
1858-06-10 09:00:00,12.78,994.24,
1858-06-10 21:00:00,17.22,994.92,
1858-06-11 00:00:00,,,RA
1858-06-11 09:00:00,14.44,1003.05,
1858-06-11 21:00:00,13.89,1005.08,
1858-06-12 00:00:00,,,RA
1858-06-12 09:00:00,11.67,1005.08,
1858-06-12 21:00:00,10.56,1000.68,
1858-06-13 00:00:00,,,RA
1858-06-13 09:00:00,10.56,998.31,
1858-06-13 21:00:00,11.67,1001.02,
1858-06-14 00:00:00,,,-999
1858-06-14 09:00:00,17.22,1002.37,
1858-06-14 21:00:00,14.44,1001.69,
1858-06-15 00:00:00,,,-999
1858-06-15 09:00:00,20,1001.69,
1858-06-15 21:00:00,17.22,1000.68,
1858-06-16 00:00:00,,,SH
1858-06-16 09:00:00,18.89,1003.05,
1858-06-16 21:00:00,21.11,1005.76,
1858-06-17 00:00:00,,,-999
1858-06-17 09:00:00,24.44,1008.47,
1858-06-17 21:00:00,23.33,1007.11,
1858-06-18 00:00:00,,,-999
1858-06-18 09:00:00,27.22,1006.1,
1858-06-18 21:00:00,24.44,1004.06,
1858-06-19 00:00:00,,,-999
1858-06-19 09:00:00,27.78,1004.74,
1858-06-19 21:00:00,25.56,1005.42,
1858-06-20 00:00:00,,,TS
1858-06-20 09:00:00,28.89,1005.76,
1858-06-20 21:00:00,26.67,1004.4,
1858-06-21 00:00:00,,,-999
1858-06-21 09:00:00,28.89,1004.74,
1858-06-21 21:00:00,22.78,1004.06,
1858-06-22 00:00:00,,,-999
1858-06-22 09:00:00,25,1007.45,
1858-06-22 21:00:00,23.89,1008.13,
1858-06-23 00:00:00,,,-999
1858-06-23 09:00:00,26.67,1009.48,
1858-06-23 21:00:00,27.22,1007.45,
1858-06-24 00:00:00,,,TS
1858-06-24 09:00:00,30,1007.45,
1858-06-24 21:00:00,26.67,1005.08,
1858-06-25 00:00:00,,,-999
1858-06-25 09:00:00,30.56,1005.08,
1858-06-25 21:00:00,27.78,1004.06,
1858-06-26 00:00:00,,,TS
1858-06-26 09:00:00,31.11,1005.76,
1858-06-26 21:00:00,27.22,1004.74,
1858-06-27 00:00:00,,,TS
1858-06-27 09:00:00,28.89,1006.43,
1858-06-27 21:00:00,29.44,1005.76,
1858-06-28 00:00:00,,,-999
1858-06-28 09:00:00,29.44,1007.11,
1858-06-28 21:00:00,28.33,1005.76,
1858-06-29 00:00:00,,,-999
1858-06-29 09:00:00,28.33,1006.43,
1858-06-29 21:00:00,28.33,1004.4,
1858-06-30 00:00:00,,,-999
1858-06-30 09:00:00,26.67,1006.43,
1858-06-30 21:00:00,23.89,1005.76,
1858-07-01 00:00:00,,,RA
1858-07-01 09:00:00,20,1006.1,
1858-07-01 21:00:00,18.33,1004.06,
1858-07-02 00:00:00,,,LT
1858-07-02 09:00:00,22.22,1002.03,
1858-07-02 21:00:00,21.11,998.98,
1858-07-03 00:00:00,,,LT
1858-07-03 09:00:00,26.67,997.29,
1858-07-03 21:00:00,24.44,998.98,
1858-07-04 00:00:00,,,-999
1858-07-04 09:00:00,25.56,1002.37,
1858-07-04 21:00:00,23.33,1008.47,
1858-07-05 00:00:00,,,-999
1858-07-05 09:00:00,21.11,1013.88,
1858-07-05 21:00:00,17.78,1013.55,
1858-07-06 00:00:00,,,-999
1858-07-06 09:00:00,21.11,1014.22,
1858-07-06 21:00:00,21.11,1011.85,
1858-07-07 00:00:00,,,-999
1858-07-07 09:00:00,26.67,1009.82,
1858-07-07 21:00:00,27.78,1004.4,
1858-07-08 00:00:00,,,-999
1858-07-08 09:00:00,28.89,1002.37,
1858-07-08 21:00:00,28.33,1002.37,
1858-07-09 00:00:00,,,-999
1858-07-09 09:00:00,23.89,1004.4,
1858-07-09 21:00:00,27.78,1003.73,
1858-07-10 00:00:00,,,RA
1858-07-10 09:00:00,29.44,1003.39,
1858-07-10 21:00:00,26.67,1005.08,
1858-07-11 00:00:00,,,RA
1858-07-11 09:00:00,19.44,1007.79,
1858-07-11 21:00:00,16.67,1007.45,
1858-07-12 00:00:00,,,RA
1858-07-12 09:00:00,15.56,1002.37,
1858-07-12 21:00:00,16.11,1001.69,
1858-07-13 00:00:00,,,-999
1858-07-13 09:00:00,17.22,1002.71,
1858-07-13 21:00:00,20,1006.1,
1858-07-14 00:00:00,,,-999
1858-07-14 09:00:00,23.33,1009.14,
1858-07-14 21:00:00,21.11,1009.82,
1858-07-15 00:00:00,,,-999
1858-07-15 09:00:00,23.33,1010.5,
1858-07-15 21:00:00,22.22,1009.14,
1858-07-16 00:00:00,,,-999
1858-07-16 09:00:00,24.44,1007.79,
1858-07-16 21:00:00,25.56,1007.45,
1858-07-17 00:00:00,,,RA
1858-07-17 09:00:00,21.11,1009.14,
1858-07-17 21:00:00,21.67,1009.14,
1858-07-18 00:00:00,,,-999
1858-07-18 09:00:00,21.11,1013.21,
1858-07-18 21:00:00,18.33,1013.88,
1858-07-19 00:00:00,,,-999
1858-07-19 09:00:00,22.22,1014.22,
1858-07-19 21:00:00,18.89,1010.84,
1858-07-20 00:00:00,,,-999
1858-07-20 09:00:00,21.11,1007.79,
1858-07-20 21:00:00,22.22,1003.05,
1858-07-21 00:00:00,,,-999
1858-07-21 09:00:00,23.33,999.66,
1858-07-21 21:00:00,22.22,997.63,
1858-07-22 00:00:00,,,-999
1858-07-22 09:00:00,23.89,1001.02,
1858-07-22 21:00:00,21.11,1001.69,
1858-07-23 00:00:00,,,-999
1858-07-23 09:00:00,22.78,1002.37,
1858-07-23 21:00:00,18.33,1004.4,
1858-07-24 00:00:00,,,-999
1858-07-24 09:00:00,19.44,1007.45,
1858-07-24 21:00:00,17.22,1009.14,
1858-07-25 00:00:00,,,-999
1858-07-25 09:00:00,20,1010.5,
1858-07-25 21:00:00,18.89,1009.14,
1858-07-26 00:00:00,,,-999
1858-07-26 09:00:00,23.89,1005.76,
1858-07-26 21:00:00,25.56,1002.37,
1858-07-27 00:00:00,,,-999
1858-07-27 09:00:00,25.56,1004.06,
1858-07-27 21:00:00,22.22,1006.43,
1858-07-28 00:00:00,,,RA
1858-07-28 09:00:00,19.44,1009.14,
1858-07-28 21:00:00,20,1006.43,
1858-07-29 00:00:00,,,SH
1858-07-29 09:00:00,21.11,1000.68,
1858-07-29 21:00:00,21.11,998.98,
1858-07-30 00:00:00,,,BR
1858-07-30 09:00:00,20,998.98,
1858-07-30 21:00:00,20,1001.02,
1858-07-31 00:00:00,,,-999
1858-07-31 09:00:00,22.22,1003.05,
1858-07-31 21:00:00,22.22,1002.71,
1858-08-01 00:00:00,,,-999
1858-08-01 09:00:00,22.22,1004.4,
1858-08-01 21:00:00,21.67,1004.74,
1858-08-02 00:00:00,,,-999
1858-08-02 09:00:00,22.78,1003.39,
1858-08-02 21:00:00,23.33,1003.05,
1858-08-03 00:00:00,,,RA
1858-08-03 09:00:00,23.33,998.65,
1858-08-03 21:00:00,25,998.98,
1858-08-04 00:00:00,,,TS
1858-08-04 09:00:00,27.22,998.65,
1858-08-04 21:00:00,24.44,1001.02,
1858-08-05 00:00:00,,,-999
1858-08-05 09:00:00,25,1004.4,
1858-08-05 21:00:00,23.33,1006.43,
1858-08-06 00:00:00,,,-999
1858-08-06 09:00:00,26.67,1007.45,
1858-08-06 21:00:00,25.56,1007.79,
1858-08-07 00:00:00,,,-999
1858-08-07 09:00:00,25,1009.82,
1858-08-07 21:00:00,25.56,1009.82,
1858-08-08 00:00:00,,,-999
1858-08-08 09:00:00,26.67,1010.84,
1858-08-08 21:00:00,26.67,1009.48,
1858-08-09 00:00:00,,,LT
1858-08-09 09:00:00,27.22,1008.47,
1858-08-09 21:00:00,28.89,1006.77,
1858-08-10 00:00:00,,,-999
1858-08-10 09:00:00,27.78,1006.1,
1858-08-10 21:00:00,28.33,1004.06,
1858-08-11 00:00:00,,,-999
1858-08-11 09:00:00,25.56,1004.06,
1858-08-11 21:00:00,25,1005.76,
1858-08-12 00:00:00,,,-999
1858-08-12 09:00:00,25,1010.16,
1858-08-12 21:00:00,23.89,1012.87,
1858-08-13 00:00:00,,,-999
1858-08-13 09:00:00,22.78,1015.58,
1858-08-13 21:00:00,22.78,1014.56,
1858-08-14 00:00:00,,,-999
1858-08-14 09:00:00,25,1013.55,
1858-08-14 21:00:00,23.33,1008.13,
1858-08-15 00:00:00,,,-999
1858-08-15 09:00:00,25,1004.74,
1858-08-15 21:00:00,25,1005.76,
1858-08-16 00:00:00,,,-999
1858-08-16 09:00:00,23.33,1009.48,
1858-08-16 21:00:00,22.22,1009.48,
1858-08-17 00:00:00,,,-999
1858-08-17 09:00:00,22.78,1009.14,
1858-08-17 21:00:00,25,1005.76,
1858-08-18 00:00:00,,,TS
1858-08-18 09:00:00,26.67,998.98,
1858-08-18 21:00:00,18.33,1002.37,
1858-08-19 00:00:00,,,-999
1858-08-19 09:00:00,16.67,1005.76,
1858-08-19 21:00:00,16.67,1004.06,
1858-08-20 00:00:00,,,-999
1858-08-20 09:00:00,18.89,1001.36,
1858-08-20 21:00:00,21.11,1002.37,
1858-08-21 00:00:00,,,-999
1858-08-21 09:00:00,21.11,1005.76,
1858-08-21 21:00:00,20.56,1006.1,
1858-08-22 00:00:00,,,-999
1858-08-22 09:00:00,20,1006.43,
1858-08-22 21:00:00,15.56,1011.51,
1858-08-23 00:00:00,,,-999
1858-08-23 09:00:00,16.11,1014.22,
1858-08-23 21:00:00,14.44,1011.85,
1858-08-24 00:00:00,,,-999
1858-08-24 09:00:00,16.67,1011.85,
1858-08-24 21:00:00,17.22,1010.84,
1858-08-25 00:00:00,,,-999
1858-08-25 09:00:00,20,1014.22,
1858-08-25 21:00:00,18.33,1013.21,
1858-08-26 00:00:00,,,RA
1858-08-26 09:00:00,18.33,1010.84,
1858-08-26 21:00:00,18.89,1004.06,
1858-08-27 00:00:00,,,-999
1858-08-27 09:00:00,21.67,996.28,
1858-08-27 21:00:00,21.11,997.29,
1858-08-28 00:00:00,,,SH
1858-08-28 09:00:00,18.33,997.29,
1858-08-28 21:00:00,16.11,992.89,
1858-08-29 00:00:00,,,SH
1858-08-29 09:00:00,16.11,992.89,
1858-08-29 21:00:00,14.44,994.58,
1858-08-30 00:00:00,,,SH
1858-08-30 09:00:00,16.67,995.6,
1858-08-30 21:00:00,17.78,999.66,
1858-08-31 00:00:00,,,-999
1858-08-31 09:00:00,18.33,1003.05,
1858-08-31 21:00:00,18.33,1004.4,
1858-09-01 00:00:00,,,-999
1858-09-01 09:00:00,18.89,1006.1,
1858-09-01 21:00:00,20,1005.08,
1858-09-02 00:00:00,,,RA
1858-09-02 09:00:00,17.78,1002.71,
1858-09-02 21:00:00,21.11,997.29,
1858-09-03 00:00:00,,,-999
1858-09-03 09:00:00,21.11,995.94,
1858-09-03 21:00:00,20,998.31,
1858-09-04 00:00:00,,,-999
1858-09-04 09:00:00,21.11,997.63,
1858-09-04 21:00:00,21.11,998.65,
1858-09-05 00:00:00,,,-999
1858-09-05 09:00:00,21.11,997.97,
1858-09-05 21:00:00,20,1004.06,
1858-09-06 00:00:00,,,-999
1858-09-06 09:00:00,19.44,1009.48,
1858-09-06 21:00:00,21.11,1009.82,
1858-09-07 00:00:00,,,AU
1858-09-07 09:00:00,22.78,1010.84,
1858-09-07 21:00:00,23.33,1009.14,
1858-09-08 00:00:00,,,LT
1858-09-08 09:00:00,25.56,1008.47,
1858-09-08 21:00:00,26.67,1006.43,
1858-09-09 00:00:00,,,-999
1858-09-09 09:00:00,26.67,1006.1,
1858-09-09 21:00:00,26.67,1005.08,
1858-09-10 00:00:00,,,RA
1858-09-10 09:00:00,26.67,1001.02,
1858-09-10 21:00:00,21.11,1000,
1858-09-11 00:00:00,,,RA
1858-09-11 09:00:00,18.33,1002.37,
1858-09-11 21:00:00,16.67,1000.68,
1858-09-12 00:00:00,,,-999
1858-09-12 09:00:00,15.56,1005.76,
1858-09-12 21:00:00,13.89,1009.14,
1858-09-13 00:00:00,,,AU
1858-09-13 09:00:00,16.11,1012.53,
1858-09-13 21:00:00,13.89,1011.85,
1858-09-14 00:00:00,,,-999
1858-09-14 09:00:00,13.89,1010.84,
1858-09-14 21:00:00,15.56,1006.43,
1858-09-15 00:00:00,,,LT
1858-09-15 09:00:00,20,1003.39,
1858-09-15 21:00:00,20,996.61,
1858-09-16 00:00:00,,,SH
1858-09-16 09:00:00,16.11,992.21,
1858-09-16 21:00:00,14.44,994.58,
1858-09-17 00:00:00,,,-999
1858-09-17 09:00:00,14.44,1003.39,
1858-09-17 21:00:00,13.89,1009.14,
1858-09-18 00:00:00,,,-999
1858-09-18 09:00:00,11.67,1015.92,
1858-09-18 21:00:00,18.33,1013.88,
1858-09-19 00:00:00,,,HZ
1858-09-19 09:00:00,15.56,1017.27,
1858-09-19 21:00:00,15.56,1015.24,
1858-09-20 00:00:00,,,HZ
1858-09-20 09:00:00,21.11,1011.85,
1858-09-20 21:00:00,24.44,1009.14,
1858-09-21 00:00:00,,,-999
1858-09-21 09:00:00,22.78,1005.76,
1858-09-21 21:00:00,15.56,1005.76,
1858-09-22 00:00:00,,,-999
1858-09-22 09:00:00,11.67,1011.85,
1858-09-22 21:00:00,8.89,1012.53,
1858-09-23 00:00:00,,,RA
1858-09-23 09:00:00,12.78,1013.21,
1858-09-23 21:00:00,14.44,1005.76,
1858-09-24 00:00:00,,,RA
1858-09-24 09:00:00,12.78,1002.37,
1858-09-24 21:00:00,11.11,1011.18,
1858-09-25 00:00:00,,,-999
1858-09-25 09:00:00,10,1015.24,
1858-09-25 21:00:00,8.89,1014.56,
1858-09-26 00:00:00,,,-999
1858-09-26 09:00:00,11.67,1016.59,
1858-09-26 21:00:00,8.89,1016.59,
1858-09-27 00:00:00,,,-999
1858-09-27 09:00:00,11.67,1017.27,
1858-09-27 21:00:00,10,1013.88,
1858-09-28 00:00:00,,,BR
1858-09-28 09:00:00,12.22,1011.85,
1858-09-28 21:00:00,14.44,1005.08,
1858-09-29 00:00:00,,,-999
1858-09-29 09:00:00,18.89,999.66,
1858-09-29 21:00:00,20,997.29,
1858-09-30 00:00:00,,,RA
1858-09-30 09:00:00,17.22,1001.02,
1858-09-30 21:00:00,14.44,997.29,
1858-10-01 00:00:00,,,-999
1858-10-01 09:00:00,11.67,996.95,
1858-10-01 21:00:00,10,1003.73,
1858-10-02 00:00:00,,,-999
1858-10-02 09:00:00,10.56,1006.43,
1858-10-02 21:00:00,13.89,1002.37,
1858-10-03 00:00:00,,,RA
1858-10-03 09:00:00,22.22,990.52,
1858-10-03 21:00:00,23.89,991.87,
1858-10-04 00:00:00,,,SH
1858-10-04 09:00:00,17.22,997.29,
1858-10-04 21:00:00,13.89,1000.68,
1858-10-05 00:00:00,,,-999
1858-10-05 09:00:00,12.22,1007.45,
1858-10-05 21:00:00,12.22,1010.84,
1858-10-06 00:00:00,,,-999
1858-10-06 09:00:00,10,1011.51,
1858-10-06 21:00:00,12.22,1001.69,
1858-10-07 00:00:00,,,RA
1858-10-07 09:00:00,18.33,983.75,
1858-10-07 21:00:00,6.11,993.23,
1858-10-08 00:00:00,,,-999
1858-10-08 09:00:00,5.56,988.83,
1858-10-08 21:00:00,6.11,990.18,
1858-10-09 00:00:00,,,AU
1858-10-09 09:00:00,8.89,995.6,
1858-10-09 21:00:00,8.33,1007.11,
1858-10-10 00:00:00,,,-999
1858-10-10 09:00:00,10,1011.51,
1858-10-10 21:00:00,8.33,1012.53,
1858-10-11 00:00:00,,,SH
1858-10-11 09:00:00,10,1011.51,
1858-10-11 21:00:00,10,1009.14,
1858-10-12 00:00:00,,,RA
1858-10-12 09:00:00,11.11,1005.76,
1858-10-12 21:00:00,13.33,1002.37,
1858-10-13 00:00:00,,,TS
1858-10-13 09:00:00,13.89,998.98,
1858-10-13 21:00:00,10.56,996.61,
1858-10-14 00:00:00,,,-999
1858-10-14 09:00:00,11.11,997.29,
1858-10-14 21:00:00,10,1003.39,
1858-10-15 00:00:00,,,-999
1858-10-15 09:00:00,8.89,1009.14,
1858-10-15 21:00:00,8.89,1012.53,
1858-10-16 00:00:00,,,BR
1858-10-16 09:00:00,8.89,1016.93,
1858-10-16 21:00:00,10,1014.22,
1858-10-17 00:00:00,,,HZ
1858-10-17 09:00:00,13.33,1014.22,
1858-10-17 21:00:00,14.44,1014.22,
1858-10-18 00:00:00,,,HZ
1858-10-18 09:00:00,18.33,1014.9,
1858-10-18 21:00:00,17.78,1012.53,
1858-10-19 00:00:00,,,-999
1858-10-19 09:00:00,18.89,1010.84,
1858-10-19 21:00:00,13.33,1011.18,
1858-10-20 00:00:00,,,-999
1858-10-20 09:00:00,12.22,1010.16,
1858-10-20 21:00:00,13.33,1010.16,
1858-10-21 00:00:00,,,RA
1858-10-21 09:00:00,11.67,1009.14,
1858-10-21 21:00:00,13.33,1009.14,
1858-10-22 00:00:00,,,-999
1858-10-22 09:00:00,11.67,1008.13,
1858-10-22 21:00:00,12.22,1004.06,
1858-10-23 00:00:00,,,-999
1858-10-23 09:00:00,10,1005.76,
1858-10-23 21:00:00,11.67,1008.47,
1858-10-24 00:00:00,,,-999
1858-10-24 09:00:00,10,1010.84,
1858-10-24 21:00:00,10.56,1012.53,
1858-10-25 00:00:00,,,-999
1858-10-25 09:00:00,10,1013.55,
1858-10-25 21:00:00,7.22,1013.88,
1858-10-26 00:00:00,,,-999
1858-10-26 09:00:00,6.11,1013.55,
1858-10-26 21:00:00,7.22,1013.88,
1858-10-27 00:00:00,,,AU
1858-10-27 09:00:00,6.67,1013.88,
1858-10-27 21:00:00,6.67,1014.9,
1858-10-28 00:00:00,,,-999
1858-10-28 09:00:00,8.33,1013.55,
1858-10-28 21:00:00,11.11,1010.16,
1858-10-29 00:00:00,,,RA
1858-10-29 09:00:00,10.56,1005.76,
1858-10-29 21:00:00,13.33,1002.37,
1858-10-30 00:00:00,,,SH
1858-10-30 09:00:00,13.89,998.98,
1858-10-30 21:00:00,12.78,1000.68,
1858-10-31 00:00:00,,,-999
1858-10-31 09:00:00,10,1004.4,
1858-10-31 21:00:00,12.22,1009.14,
1858-11-01 00:00:00,,,-999
1858-11-01 09:00:00,11.4,1013.55,
1858-11-01 21:00:00,9.16,1013.55,
1858-11-02 00:00:00,,,RA
1858-11-02 09:00:00,8.33,1013.55,
1858-11-02 21:00:00,7.78,1009.14,
1858-11-03 00:00:00,,,RA
1858-11-03 09:00:00,7.22,1007.45,
1858-11-03 21:00:00,10,1006.43,
1858-11-04 00:00:00,,,SH
1858-11-04 09:00:00,10,1004.4,
1858-11-04 21:00:00,10,1003.73,
1858-11-05 00:00:00,,,RA
1858-11-05 09:00:00,7.78,1004.4,
1858-11-05 21:00:00,8.89,1002.37,
1858-11-06 00:00:00,,,RA
1858-11-06 09:00:00,8.33,1000.34,
1858-11-06 21:00:00,6.67,993.57,
1858-11-07 00:00:00,,,RA
1858-11-07 09:00:00,6.67,992.89,
1858-11-07 21:00:00,7.22,994.24,
1858-11-08 00:00:00,,,RA
1858-11-08 09:00:00,6.11,996.28,
1858-11-08 21:00:00,6.11,999.66,
1858-11-09 00:00:00,,,SN
1858-11-09 09:00:00,4.44,1001.02,
1858-11-09 21:00:00,2.22,1001.02,
1858-11-10 00:00:00,,,-999
1858-11-10 09:00:00,0.56,1003.73,
1858-11-10 21:00:00,0,1007.79,
1858-11-11 00:00:00,,,-999
1858-11-11 09:00:00,0,1009.82,
1858-11-11 21:00:00,1.11,1007.79,
1858-11-12 00:00:00,,,SH
1858-11-12 09:00:00,0,1005.76,
1858-11-12 21:00:00,4.44,998.98,
1858-11-13 00:00:00,,,SN
1858-11-13 09:00:00,3.33,992.21,
1858-11-13 21:00:00,-2.22,1003.73,
1858-11-14 00:00:00,,,-999
1858-11-14 09:00:00,-1.11,1005.08,
1858-11-14 21:00:00,-1.11,1004.4,
1858-11-15 00:00:00,,,-999
1858-11-15 09:00:00,-2.78,1002.37,
1858-11-15 21:00:00,-3.89,1003.05,
1858-11-16 00:00:00,,,HALO
1858-11-16 09:00:00,-3.33,1002.37,
1858-11-16 21:00:00,1.11,1002.37,
1858-11-17 00:00:00,,,-999
1858-11-17 09:00:00,1.67,1006.43,
1858-11-17 21:00:00,2.22,1004.4,
1858-11-18 00:00:00,,,SN
1858-11-18 09:00:00,1.67,1001.69,
1858-11-18 21:00:00,2.22,1003.73,
1858-11-19 00:00:00,,,-999
1858-11-19 09:00:00,1.11,1005.08,
1858-11-19 21:00:00,0,1007.79,
1858-11-20 00:00:00,,,-999
1858-11-20 09:00:00,-2.22,1005.76,
1858-11-20 21:00:00,1.11,998.98,
1858-11-21 00:00:00,,,-999
1858-11-21 09:00:00,1.67,994.92,
1858-11-21 21:00:00,1.67,999.66,
1858-11-22 00:00:00,,,-999
1858-11-22 09:00:00,0,1001.69,
1858-11-22 21:00:00,3.33,996.95,
1858-11-23 00:00:00,,,SN
1858-11-23 09:00:00,3.33,994.92,
1858-11-23 21:00:00,1.67,993.57,
1858-11-24 00:00:00,,,-999
1858-11-24 09:00:00,1.11,996.28,
1858-11-24 21:00:00,1.11,1002.37,
1858-11-25 00:00:00,,,-999
1858-11-25 09:00:00,-1.11,1005.08,
1858-11-25 21:00:00,1.11,1005.76,
1858-11-26 00:00:00,,,-999
1858-11-26 09:00:00,0,1011.18,
1858-11-26 21:00:00,1.67,1012.53,
1858-11-27 00:00:00,,,-999
1858-11-27 09:00:00,-1.11,1011.85,
1858-11-27 21:00:00,1.67,1005.76,
1858-11-28 00:00:00,,,-999
1858-11-28 09:00:00,0,995.6,
1858-11-28 21:00:00,1.11,992.89,
1858-11-29 00:00:00,,,SN
1858-11-29 09:00:00,0,996.95,
1858-11-29 21:00:00,2.78,988.83,
1858-11-30 00:00:00,,,-999
1858-11-30 09:00:00,-1.11,996.28,
1858-11-30 21:00:00,-2.22,1011.18,
1858-12-01 00:00:00,,,-999
1858-12-01 09:00:00,-4.44,1017.27,
1858-12-01 21:00:00,-1.11,1010.84,
1858-12-02 00:00:00,,,-999
1858-12-02 09:00:00,4.44,1003.05,
1858-12-02 21:00:00,3.33,1006.43,
1858-12-03 00:00:00,,,SN
1858-12-03 09:00:00,1.11,1006.43,
1858-12-03 21:00:00,-2.22,1009.82,
1858-12-04 00:00:00,,,SN
1858-12-04 09:00:00,-1.11,1005.08,
1858-12-04 21:00:00,-3.33,1004.4,
1858-12-05 00:00:00,,,RA
1858-12-05 09:00:00,2.22,984.76,
1858-12-05 21:00:00,-1.11,992.21,
1858-12-06 00:00:00,,,-999
1858-12-06 09:00:00,0,1009.14,
1858-12-06 21:00:00,-1.11,1009.14,
1858-12-07 00:00:00,,,-999
1858-12-07 09:00:00,0,1002.37,
1858-12-07 21:00:00,5.56,994.92,
1858-12-08 00:00:00,,,-999
1858-12-08 09:00:00,-2.22,1002.37,
1858-12-08 21:00:00,-7.78,1007.79,
1858-12-09 00:00:00,,,-999
1858-12-09 09:00:00,-10,1015.92,
1858-12-09 21:00:00,-7.78,1019.98,
1858-12-10 00:00:00,,,-999
1858-12-10 09:00:00,-5,1013.21,
1858-12-10 21:00:00,1.67,1005.76,
1858-12-11 00:00:00,,,-999
1858-12-11 09:00:00,0,1008.47,
1858-12-11 21:00:00,-3.89,1013.21,
1858-12-12 00:00:00,,,RA
1858-12-12 09:00:00,-2.22,1014.56,
1858-12-12 21:00:00,1.11,1008.47,
1858-12-13 00:00:00,,,RA
1858-12-13 09:00:00,5.56,998.31,
1858-12-13 21:00:00,7.78,999.66,
1858-12-14 00:00:00,,,RA
1858-12-14 09:00:00,10,994.92,
1858-12-14 21:00:00,6.67,993.57,
1858-12-15 00:00:00,,,SN
1858-12-15 09:00:00,3.33,994.92,
1858-12-15 21:00:00,0,1001.69,
1858-12-16 00:00:00,,,-999
1858-12-16 09:00:00,0,1004.4,
1858-12-16 21:00:00,0,1007.11,
1858-12-17 00:00:00,,,SN
1858-12-17 09:00:00,-3.33,1013.21,
1858-12-17 21:00:00,-5.56,1014.9,
1858-12-18 00:00:00,,,SN
1858-12-18 09:00:00,-8.89,1015.92,
1858-12-18 21:00:00,-7.78,1016.59,
1858-12-19 00:00:00,,,RA
1858-12-19 09:00:00,-5.56,1006.43,
1858-12-19 21:00:00,5,998.98,
1858-12-20 00:00:00,,,RA
1858-12-20 09:00:00,1.67,1001.69,
1858-12-20 21:00:00,3.33,995.6,
1858-12-21 00:00:00,,,-999
1858-12-21 09:00:00,2.22,985.44,
1858-12-21 21:00:00,2.78,988.83,
1858-12-22 00:00:00,,,-999
1858-12-22 09:00:00,-2.22,1000.34,
1858-12-22 21:00:00,-2.22,1007.45,
1858-12-23 00:00:00,,,SN
1858-12-23 09:00:00,-1.11,997.29,
1858-12-23 21:00:00,-2.22,999.66,
1858-12-24 00:00:00,,,-999
1858-12-24 09:00:00,-6.67,1013.88,
1858-12-24 21:00:00,-7.78,1022.69,
1858-12-25 00:00:00,,,-999
1858-12-25 09:00:00,-6.67,1024.04,
1858-12-25 21:00:00,-5.56,1020.32,
1858-12-26 00:00:00,,,RA
1858-12-26 09:00:00,1.11,1009.14,
1858-12-26 21:00:00,2.78,1003.39,
1858-12-27 00:00:00,,,-999
1858-12-27 09:00:00,2.78,1005.76,
1858-12-27 21:00:00,3.33,1009.14,
1858-12-28 00:00:00,,,-999
1858-12-28 09:00:00,1.11,1009.82,
1858-12-28 21:00:00,0.56,1007.45,
1858-12-29 00:00:00,,,SN
1858-12-29 09:00:00,-1.11,1003.05,
1858-12-29 21:00:00,-1.11,1000.68,
1858-12-30 00:00:00,,,SN
1858-12-30 09:00:00,-2.22,1000.68,
1858-12-30 21:00:00,1.67,995.6,
1858-12-31 00:00:00,,,RA
1858-12-31 09:00:00,3.33,992.21,
1858-12-31 21:00:00,1.67,998.98,
1859-02-01 00:00:00,,,-999
1859-02-01 09:00:00,0.56,1009.82,
1859-02-01 21:00:00,0.56,1007.11,
1859-02-02 00:00:00,,,SN
1859-02-02 09:00:00,-3.89,1003.73,
1859-02-02 21:00:00,-5,998.31,
1859-02-03 00:00:00,,,SN
1859-02-03 09:00:00,-9.44,991.53,
1859-02-03 21:00:00,-7.78,991.53,
1859-02-04 00:00:00,,,-999
1859-02-04 09:00:00,-7.78,992.21,
1859-02-04 21:00:00,-6.67,998.98,
1859-02-05 00:00:00,,,SN
1859-02-05 09:00:00,-6.67,1008.47,
1859-02-05 21:00:00,-5,1009.14,
1859-02-06 00:00:00,,,SN
1859-02-06 09:00:00,-5,1009.14,
1859-02-06 21:00:00,-5.56,1011.85,
1859-02-07 00:00:00,,,-999
1859-02-07 09:00:00,-11.11,1012.53,
1859-02-07 21:00:00,-5,1007.45,
1859-02-08 00:00:00,,,-999
1859-02-08 09:00:00,-9.44,1003.39,
1859-02-08 21:00:00,3.33,998.98,
1859-02-09 00:00:00,,,SN
1859-02-09 09:00:00,1.67,995.6,
1859-02-09 21:00:00,-5.56,998.98,
1859-02-10 00:00:00,,,-999
1859-02-10 09:00:00,-10.56,1006.43,
1859-02-10 21:00:00,-8.33,1011.85,
1859-02-11 00:00:00,,,SN
1859-02-11 09:00:00,-6.67,1013.88,
1859-02-11 21:00:00,-6.67,1010.84,
1859-02-12 00:00:00,,,-999
1859-02-12 09:00:00,-6.67,1009.14,
1859-02-12 21:00:00,-7.78,1010.84,
1859-02-13 00:00:00,,,-999
1859-02-13 09:00:00,-11.11,1010.84,
1859-02-13 21:00:00,-5,1006.43,
1859-02-14 00:00:00,,,-999
1859-02-14 09:00:00,-5.56,1007.45,
1859-02-14 21:00:00,-1.11,999.66,
1859-02-15 00:00:00,,,-999
1859-02-15 09:00:00,4.44,997.63,
1859-02-15 21:00:00,5.56,996.28,
1859-02-16 00:00:00,,,-999
1859-02-16 09:00:00,1.11,1003.05,
1859-02-16 21:00:00,2.22,1009.14,
1859-02-17 00:00:00,,,RA
1859-02-17 09:00:00,0.56,1011.18,
1859-02-17 21:00:00,5,999.66,
1859-02-18 00:00:00,,,-999
1859-02-18 09:00:00,5.56,1001.02,
1859-02-18 21:00:00,2.22,1005.08,
1859-02-19 00:00:00,,,TS
1859-02-19 09:00:00,0.56,1001.69,
1859-02-19 21:00:00,4.44,989.5,
1859-02-20 00:00:00,,,SN
1859-02-20 09:00:00,7.78,1013.88,
1859-02-20 21:00:00,-1.11,997.97,
1859-02-21 00:00:00,,,-999
1859-02-21 09:00:00,0,1000.34,
1859-02-21 21:00:00,-2.22,1006.43,
1859-02-22 00:00:00,,,-999
1859-02-22 09:00:00,1.67,1005.08,
1859-02-22 21:00:00,5.56,1001.69,
1859-02-23 00:00:00,,,RA
1859-02-23 09:00:00,5.56,1001.02,
1859-02-23 21:00:00,6.11,998.98,
1859-02-24 00:00:00,,,-999
1859-02-24 09:00:00,-1.11,1007.11,
1859-02-24 21:00:00,-4.44,1012.53,
1859-02-25 00:00:00,,,-999
1859-02-25 09:00:00,-5.56,1008.13,
1859-02-25 21:00:00,-2.78,1001.36,
1859-02-26 00:00:00,,,SN
1859-02-26 09:00:00,1.11,989.5,
1859-02-26 21:00:00,0,998.98,
1859-02-27 00:00:00,,,-999
1859-02-27 09:00:00,3.33,997.63,
1859-02-27 21:00:00,5.56,992.21,
1859-02-28 00:00:00,,,SN
1859-02-28 09:00:00,0,,
1859-02-28 21:00:00,0.56,,
1859-03-01 00:00:00,,,-999
1859-03-01 09:00:00,-4.44,1015.92,
1859-03-01 21:00:00,-5,1019.3,
1859-03-02 00:00:00,,,-999
1859-03-02 09:00:00,-6.11,1021.67,
1859-03-02 21:00:00,-2.22,1014.9,
1859-03-03 00:00:00,,,RA
1859-03-03 09:00:00,-0.56,1000,
1859-03-03 21:00:00,2.78,984.42,
1859-03-04 00:00:00,,,RA
1859-03-04 09:00:00,4.44,980.36,
1859-03-04 21:00:00,1.67,981.38,
1859-03-05 00:00:00,,,-999
1859-03-05 09:00:00,2.78,990.52,
1859-03-05 21:00:00,3.33,1002.37,
1859-03-06 00:00:00,,,-999
1859-03-06 09:00:00,3.33,1009.14,
1859-03-06 21:00:00,2.22,1009.14,
1859-03-07 00:00:00,,,RA
1859-03-07 09:00:00,1.67,1004.06,
1859-03-07 21:00:00,3.33,988.83,
1859-03-08 00:00:00,,,RA
1859-03-08 09:00:00,3.33,990.52,
1859-03-08 21:00:00,5,997.29,
1859-03-09 00:00:00,,,HALO
1859-03-09 09:00:00,2.22,1004.06,
1859-03-09 21:00:00,2.78,1005.08,
1859-03-10 00:00:00,,,-999
1859-03-10 09:00:00,2.22,1005.76,
1859-03-10 21:00:00,3.33,1004.06,
1859-03-11 00:00:00,,,RA
1859-03-11 09:00:00,3.33,1000.68,
1859-03-11 21:00:00,11.11,989.5,
1859-03-12 00:00:00,,,-999
1859-03-12 09:00:00,7.78,995.6,
1859-03-12 21:00:00,4.44,1002.37,
1859-03-13 00:00:00,,,-999
1859-03-13 09:00:00,5.56,1009.14,
1859-03-13 21:00:00,4.44,1010.84,
1859-03-14 00:00:00,,,RA
1859-03-14 09:00:00,3.33,1004.06,
1859-03-14 21:00:00,11.11,984.42,
1859-03-15 00:00:00,,,SN
1859-03-15 09:00:00,5.56,987.47,
1859-03-15 21:00:00,1.67,997.97,
1859-03-16 00:00:00,,,-999
1859-03-16 09:00:00,2.22,1009.14,
1859-03-16 21:00:00,3.33,1009.82,
1859-03-17 00:00:00,,,-999
1859-03-17 09:00:00,3.33,1006.77,
1859-03-17 21:00:00,5.56,998.98,
1859-03-18 00:00:00,,,SN
1859-03-18 09:00:00,4.44,982.05,
1859-03-18 21:00:00,4.44,963.09,
1859-03-19 00:00:00,,,-999
1859-03-19 09:00:00,1.11,970.54,
1859-03-19 21:00:00,0,992.21,
1859-03-20 00:00:00,,,-999
1859-03-20 09:00:00,0,1001.69,
1859-03-20 21:00:00,1.11,1006.43,
1859-03-21 00:00:00,,,-999
1859-03-21 09:00:00,1.67,1005.08,
1859-03-21 21:00:00,3.33,1001.69,
1859-03-22 00:00:00,,,-999
1859-03-22 09:00:00,2.78,995.6,
1859-03-22 21:00:00,5.56,998.98,
1859-03-23 00:00:00,,,-999
1859-03-23 09:00:00,5.56,1003.73,
1859-03-23 21:00:00,7.22,998.98,
1859-03-24 00:00:00,,,TS
1859-03-24 09:00:00,5.56,987.13,
1859-03-24 21:00:00,13.33,986.12,
1859-03-25 00:00:00,,,-999
1859-03-25 09:00:00,6.11,988.83,
1859-03-25 21:00:00,2.22,994.24,
1859-03-26 00:00:00,,,-999
1859-03-26 09:00:00,-0.56,997.63,
1859-03-26 21:00:00,1.11,996.28,
1859-03-27 00:00:00,,,SN
1859-03-27 09:00:00,0,990.86,
1859-03-27 21:00:00,2.22,995.6,
1859-03-28 00:00:00,,,-999
1859-03-28 09:00:00,2.22,991.53,
1859-03-28 21:00:00,4.44,980.7,
1859-03-29 00:00:00,,,SN
1859-03-29 09:00:00,14.44,969.18,
1859-03-29 21:00:00,2.22,986.12,
1859-03-30 00:00:00,,,SN
1859-03-30 09:00:00,2.22,990.86,
1859-03-30 21:00:00,1.11,996.95,
1859-03-31 00:00:00,,,-999
1859-03-31 09:00:00,2.78,996.28,
1859-03-31 21:00:00,2.22,1000.34,
1859-04-01 00:00:00,,,-999
1859-04-01 09:00:00,3.33,1010.5,
1859-04-01 21:00:00,1.67,1009.14,
1859-04-02 00:00:00,,,RA
1859-04-02 09:00:00,3.33,1007.45,
1859-04-02 21:00:00,2.78,992.21,
1859-04-03 00:00:00,,,-999
1859-04-03 09:00:00,7.22,982.73,
1859-04-03 21:00:00,3.33,990.52,
1859-04-04 00:00:00,,,-999
1859-04-04 09:00:00,0.56,990.52,
1859-04-04 21:00:00,0,995.6,
1859-04-05 00:00:00,,,SN
1859-04-05 09:00:00,0,994.92,
1859-04-05 21:00:00,0.56,997.63,
1859-04-06 00:00:00,,,-999
1859-04-06 09:00:00,1.67,998.98,
1859-04-06 21:00:00,3.33,999.32,
1859-04-07 00:00:00,,,SN
1859-04-07 09:00:00,3.33,994.58,
1859-04-07 21:00:00,4.44,999.66,
1859-04-08 00:00:00,,,AU
1859-04-08 09:00:00,2.22,1002.37,
1859-04-08 21:00:00,0,1011.18,
1859-04-09 00:00:00,,,-999
1859-04-09 09:00:00,0.56,1015.92,
1859-04-09 21:00:00,2.22,1011.18,
1859-04-10 00:00:00,,,-999
1859-04-10 09:00:00,2.22,1004.4,
1859-04-10 21:00:00,3.89,998.31,
1859-04-11 00:00:00,,,RA
1859-04-11 09:00:00,3.89,982.05,
1859-04-11 21:00:00,5.56,990.52,
1859-04-12 00:00:00,,,HALO
1859-04-12 09:00:00,8.33,999.32,
1859-04-12 21:00:00,7.78,1002.71,
1859-04-13 00:00:00,,,-999
1859-04-13 09:00:00,5,1003.39,
1859-04-13 21:00:00,6.67,1003.73,
1859-04-14 00:00:00,,,RA
1859-04-14 09:00:00,3.33,985.44,
1859-04-14 21:00:00,5.56,990.86,
1859-04-15 00:00:00,,,SN
1859-04-15 09:00:00,8.89,983.07,
1859-04-15 21:00:00,3.33,988.83,
1859-04-16 00:00:00,,,-999
1859-04-16 09:00:00,2.78,990.86,
1859-04-16 21:00:00,5.56,997.63,
1859-04-17 00:00:00,,,-999
1859-04-17 09:00:00,5,1000.34,
1859-04-17 21:00:00,5,1003.05,
1859-04-18 00:00:00,,,-999
1859-04-18 09:00:00,6.11,1006.43,
1859-04-18 21:00:00,6.11,1004.4,
1859-04-19 00:00:00,,,RA
1859-04-19 09:00:00,8.33,1002.37,
1859-04-19 21:00:00,6.11,1004.4,
1859-04-20 00:00:00,,,-999
1859-04-20 09:00:00,7.22,1003.39,
1859-04-20 21:00:00,6.11,999.66,
1859-04-21 00:00:00,,,AU
1859-04-21 09:00:00,8.33,997.29,
1859-04-21 21:00:00,6.67,997.63,
1859-04-22 00:00:00,,,-999
1859-04-22 09:00:00,6.67,995.94,
1859-04-22 21:00:00,6.11,992.89,
1859-04-23 00:00:00,,,SN
1859-04-23 09:00:00,1.67,987.13,
1859-04-23 21:00:00,5.56,987.47,
1859-04-24 00:00:00,,,-999
1859-04-24 09:00:00,6.67,993.91,
1859-04-24 21:00:00,7.78,998.98,
1859-04-25 00:00:00,,,RA
1859-04-25 09:00:00,7.78,1002.37,
1859-04-25 21:00:00,6.67,1001.36,
1859-04-26 00:00:00,,,RA
1859-04-26 09:00:00,7.22,1000,
1859-04-26 21:00:00,7.22,998.98,
1859-04-27 00:00:00,,,-999
1859-04-27 09:00:00,3.89,1004.74,
1859-04-27 21:00:00,3.33,1007.45,
1859-04-28 00:00:00,,,AU
1859-04-28 09:00:00,7.78,1010.84,
1859-04-28 21:00:00,4.44,1010.16,
1859-04-29 00:00:00,,,AU
1859-04-29 09:00:00,7.22,1009.14,
1859-04-29 21:00:00,7.22,1005.76,
1859-04-30 00:00:00,,,-999
1859-04-30 09:00:00,16.67,1006.43,
1859-04-30 21:00:00,11.67,1006.1,
1859-05-01 00:00:00,,,-999
1859-05-01 09:00:00,12.78,1009.82,
1859-05-01 21:00:00,11.11,1009.14,
1859-05-02 00:00:00,,,-999
1859-05-02 09:00:00,14.44,1011.51,
1859-05-02 21:00:00,10,1011.85,
1859-05-03 00:00:00,,,-999
1859-05-03 09:00:00,8.33,1014.22,
1859-05-03 21:00:00,8.89,1013.21,
1859-05-04 00:00:00,,,-999
1859-05-04 09:00:00,11.67,1011.85,
1859-05-04 21:00:00,12.78,1010.16,
1859-05-05 00:00:00,,,-999
1859-05-05 09:00:00,18.33,1010.84,
1859-05-05 21:00:00,20,1008.13,
1859-05-06 00:00:00,,,SH
1859-05-06 09:00:00,18.89,1008.13,
1859-05-06 21:00:00,20,1005.08,
1859-05-07 00:00:00,,,-999
1859-05-07 09:00:00,24.44,1004.06,
1859-05-07 21:00:00,21.11,1000,
1859-05-08 00:00:00,,,HZ
1859-05-08 09:00:00,25,998.31,
1859-05-08 21:00:00,22.22,997.97,
1859-05-09 00:00:00,,,RA
1859-05-09 09:00:00,8.33,998.98,
1859-05-09 21:00:00,6.67,999.66,
1859-05-10 00:00:00,,,-999
1859-05-10 09:00:00,11.11,1002.37,
1859-05-10 21:00:00,8.89,1005.76,
1859-05-11 00:00:00,,,HALO
1859-05-11 09:00:00,10,1006.77,
1859-05-11 21:00:00,11.11,1006.1,
1859-05-12 00:00:00,,,-999
1859-05-12 09:00:00,12.22,1007.79,
1859-05-12 21:00:00,13.33,1005.76,
1859-05-13 00:00:00,,,-999
1859-05-13 09:00:00,15.56,1007.79,
1859-05-13 21:00:00,13.33,1013.21,
1859-05-14 00:00:00,,,-999
1859-05-14 09:00:00,11.11,1015.92,
1859-05-14 21:00:00,13.89,1014.22,
1859-05-15 00:00:00,,,-999
1859-05-15 09:00:00,13.33,1015.92,
1859-05-15 21:00:00,13.33,1012.53,
1859-05-16 00:00:00,,,RA
1859-05-16 09:00:00,12.78,1005.76,
1859-05-16 21:00:00,15.56,994.24,
1859-05-17 00:00:00,,,-999
1859-05-17 09:00:00,18.89,992.21,
1859-05-17 21:00:00,12.22,993.91,
1859-05-18 00:00:00,,,FG
1859-05-18 09:00:00,12.22,994.92,
1859-05-18 21:00:00,14.44,995.6,
1859-05-19 00:00:00,,,AU
1859-05-19 09:00:00,13.33,1002.37,
1859-05-19 21:00:00,12.22,1005.76,
1859-05-20 00:00:00,,,-999
1859-05-20 09:00:00,12.78,1008.13,
1859-05-20 21:00:00,12.22,1004.74,
1859-05-21 00:00:00,,,TS
1859-05-21 09:00:00,14.44,998.98,
1859-05-21 21:00:00,14.44,997.29,
1859-05-22 00:00:00,,,SH
1859-05-22 09:00:00,16.11,998.98,
1859-05-22 21:00:00,12.22,1004.06,
1859-05-23 00:00:00,,,-999
1859-05-23 09:00:00,14.44,1009.14,
1859-05-23 21:00:00,15.56,1007.79,
1859-05-24 00:00:00,,,-999
1859-05-24 09:00:00,15.56,1008.47,
1859-05-24 21:00:00,14.44,1007.11,
1859-05-25 00:00:00,,,-999
1859-05-25 09:00:00,23.33,1007.79,
1859-05-25 21:00:00,22.22,1007.79,
1859-05-26 00:00:00,,,TS
1859-05-26 09:00:00,23.89,1007.45,
1859-05-26 21:00:00,20,1003.05,
1859-05-27 00:00:00,,,RA
1859-05-27 09:00:00,20,993.91,
1859-05-27 21:00:00,12.78,994.24,
1859-05-28 00:00:00,,,RA
1859-05-28 09:00:00,11.67,998.31,
1859-05-28 21:00:00,13.89,1000,
1859-05-29 00:00:00,,,-999
1859-05-29 09:00:00,15.56,998.31,
1859-05-29 21:00:00,11.67,1007.79,
1859-05-30 00:00:00,,,-999
1859-05-30 09:00:00,10.56,1013.88,
1859-05-30 21:00:00,10,1013.21,
1859-05-31 00:00:00,,,-999
1859-05-31 09:00:00,10,1011.18,
1859-05-31 21:00:00,12.22,1007.79,
1859-06-01 00:00:00,,,LT
1859-06-01 09:00:00,12.78,1008.47,
1859-06-01 21:00:00,13.33,1004.06,
1859-06-02 00:00:00,,,TS
1859-06-02 09:00:00,19.44,1000.68,
1859-06-02 21:00:00,18.33,1002.37,
1859-06-03 00:00:00,,,SH
1859-06-03 09:00:00,18.89,1000.68,
1859-06-03 21:00:00,8.33,1009.82,
1859-06-04 00:00:00,,,-999
1859-06-04 09:00:00,5,1013.21,
1859-06-04 21:00:00,5.56,1013.21,
1859-06-05 00:00:00,,,-999
1859-06-05 09:00:00,12.22,1013.21,
1859-06-05 21:00:00,13.33,1009.82,
1859-06-06 00:00:00,,,-999
1859-06-06 09:00:00,16.67,1012.53,
1859-06-06 21:00:00,14.44,1010.84,
1859-06-07 00:00:00,,,LT
1859-06-07 09:00:00,20.56,1009.14,
1859-06-07 21:00:00,21.11,1000.68,
1859-06-08 00:00:00,,,-999
1859-06-08 09:00:00,21.11,994.58,
1859-06-08 21:00:00,13.33,1005.76,
1859-06-09 00:00:00,,,-999
1859-06-09 09:00:00,15.56,1006.77,
1859-06-09 21:00:00,17.22,1002.37,
1859-06-10 00:00:00,,,SH
1859-06-10 09:00:00,7.78,1004.06,
1859-06-10 21:00:00,7.22,1010.84,
1859-06-11 00:00:00,,,-999
1859-06-11 09:00:00,11.11,1015.92,
1859-06-11 21:00:00,10,1013.21,
1859-06-12 00:00:00,,,-999
1859-06-12 09:00:00,15.56,1010.84,
1859-06-12 21:00:00,20,1001.69,
1859-06-13 00:00:00,,,RA
1859-06-13 09:00:00,21.67,998.98,
1859-06-13 21:00:00,20,1004.06,
1859-06-14 00:00:00,,,BR
1859-06-14 09:00:00,15.56,1008.47,
1859-06-14 21:00:00,13.89,1004.06,
1859-06-15 00:00:00,,,TS
1859-06-15 09:00:00,22.78,997.29,
1859-06-15 21:00:00,18.33,997.29,
1859-06-16 00:00:00,,,-999
1859-06-16 09:00:00,15.56,1001.69,
1859-06-16 21:00:00,14.44,1002.37,
1859-06-17 00:00:00,,,-999
1859-06-17 09:00:00,12.22,1002.37,
1859-06-17 21:00:00,13.89,1000.68,
1859-06-18 00:00:00,,,-999
1859-06-18 09:00:00,17.78,1002.37,
1859-06-18 21:00:00,16.67,1004.06,
1859-06-19 00:00:00,,,-999
1859-06-19 09:00:00,20,1005.76,
1859-06-19 21:00:00,16.67,1001.36,
1859-06-20 00:00:00,,,TS
1859-06-20 09:00:00,15.56,997.29,
1859-06-20 21:00:00,16.67,994.58,
1859-06-21 00:00:00,,,-999
1859-06-21 09:00:00,19.44,995.6,
1859-06-21 21:00:00,15.56,996.61,
1859-06-22 00:00:00,,,-999
1859-06-22 09:00:00,20,998.98,
1859-06-22 21:00:00,16.67,1002.37,
1859-06-23 00:00:00,,,-999
1859-06-23 09:00:00,20,1007.11,
1859-06-23 21:00:00,18.33,1007.45,
1859-06-24 00:00:00,,,-999
1859-06-24 09:00:00,18.89,1008.13,
1859-06-24 21:00:00,17.78,1005.76,
1859-06-25 00:00:00,,,TS
1859-06-25 09:00:00,20.56,1007.45,
1859-06-25 21:00:00,20,1007.79,
1859-06-26 00:00:00,,,-999
1859-06-26 09:00:00,22.22,1010.84,
1859-06-26 21:00:00,20.56,1009.14,
1859-06-27 00:00:00,,,LT
1859-06-27 09:00:00,25.56,1007.45,
1859-06-27 21:00:00,28.33,1003.05,
1859-06-28 00:00:00,,,LT
1859-06-28 09:00:00,28.89,1007.45,
1859-06-28 21:00:00,28.89,1005.08,
1859-06-29 00:00:00,,,-999
1859-06-29 09:00:00,30.56,1002.37,
1859-06-29 21:00:00,21.11,1005.08,
1859-06-30 00:00:00,,,-999
1859-06-30 09:00:00,15,1013.21,
1859-06-30 21:00:00,15.56,1009.14,
1859-07-01 00:00:00,,,RA
1859-07-01 09:00:00,19.44,1006.43,
1859-07-01 21:00:00,21.11,1001.69,
1859-07-02 00:00:00,,,TS
1859-07-02 09:00:00,26.67,993.91,
1859-07-02 21:00:00,21.67,997.29,
1859-07-03 00:00:00,,,-999
1859-07-03 09:00:00,13.33,1005.76,
1859-07-03 21:00:00,13.33,1012.53,
1859-07-04 00:00:00,,,-999
1859-07-04 09:00:00,14.44,1017.61,
1859-07-04 21:00:00,15.56,1018.29,
1859-07-05 00:00:00,,,-999
1859-07-05 09:00:00,18.89,1019.98,
1859-07-05 21:00:00,17.78,1017.61,
1859-07-06 00:00:00,,,-999
1859-07-06 09:00:00,17.78,1015.92,
1859-07-06 21:00:00,18.33,1015.24,
1859-07-07 00:00:00,,,-999
1859-07-07 09:00:00,19.44,1013.21,
1859-07-07 21:00:00,19.44,1012.53,
1859-07-08 00:00:00,,,-999
1859-07-08 09:00:00,19.44,1011.85,
1859-07-08 21:00:00,21.11,1011.18,
1859-07-09 00:00:00,,,-999
1859-07-09 09:00:00,21.11,1014.56,
1859-07-09 21:00:00,20,1013.21,
1859-07-10 00:00:00,,,-999
1859-07-10 09:00:00,22.78,1012.53,
1859-07-10 21:00:00,22.22,1011.18,
1859-07-11 00:00:00,,,-999
1859-07-11 09:00:00,28.33,1010.5,
1859-07-11 21:00:00,28.33,1009.14,
1859-07-12 00:00:00,,,TS
1859-07-12 09:00:00,31.11,1010.5,
1859-07-12 21:00:00,29.44,1009.14,
1859-07-13 00:00:00,,,-999
1859-07-13 09:00:00,30,1009.14,
1859-07-13 21:00:00,26.67,1009.14,
1859-07-14 00:00:00,,,-999
1859-07-14 09:00:00,25,1009.14,
1859-07-14 21:00:00,23.89,1007.45,
1859-07-15 00:00:00,,,TS
1859-07-15 09:00:00,24.44,1004.4,
1859-07-15 21:00:00,24.44,1001.02,
1859-07-16 00:00:00,,,-999
1859-07-16 09:00:00,26.67,1002.37,
1859-07-16 21:00:00,27.22,1002.37,
1859-07-17 00:00:00,,,-999
1859-07-17 09:00:00,28.89,1004.4,
1859-07-17 21:00:00,25.56,1004.74,
1859-07-18 00:00:00,,,TS
1859-07-18 09:00:00,28.33,1004.4,
1859-07-18 21:00:00,24.44,998.98,
1859-07-19 00:00:00,,,-999
1859-07-19 09:00:00,28.89,998.98,
1859-07-19 21:00:00,26.11,996.95,
1859-07-20 00:00:00,,,-999
1859-07-20 09:00:00,25.56,998.98,
1859-07-20 21:00:00,21.67,1003.73,
1859-07-21 00:00:00,,,-999
1859-07-21 09:00:00,21.11,1005.08,
1859-07-21 21:00:00,21.67,1001.02,
1859-07-22 00:00:00,,,SH
1859-07-22 09:00:00,25.56,994.92,
1859-07-22 21:00:00,20.56,997.63,
1859-07-23 00:00:00,,,-999
1859-07-23 09:00:00,19.44,1002.37,
1859-07-23 21:00:00,18.33,1003.05,
1859-07-24 00:00:00,,,SH
1859-07-24 09:00:00,22.78,1003.05,
1859-07-24 21:00:00,21.11,1003.05,
1859-07-25 00:00:00,,,RA
1859-07-25 09:00:00,21.11,1003.05,
1859-07-25 21:00:00,21.11,1003.05,
1859-07-26 00:00:00,,,SH
1859-07-26 09:00:00,18.33,1000.68,
1859-07-26 21:00:00,15.56,1003.73,
1859-07-27 00:00:00,,,-999
1859-07-27 09:00:00,18.33,1004.06,
1859-07-27 21:00:00,17.22,1005.08,
1859-07-28 00:00:00,,,SH
1859-07-28 09:00:00,20,1005.08,
1859-07-28 21:00:00,19.44,1006.43,
1859-07-29 00:00:00,,,-999
1859-07-29 09:00:00,19.44,1009.48,
1859-07-29 21:00:00,20,1009.14,
1859-07-30 00:00:00,,,-999
1859-07-30 09:00:00,20,1010.16,
1859-07-30 21:00:00,20,1007.11,
1859-07-31 00:00:00,,,TS
1859-07-31 09:00:00,21.11,1003.39,
1859-07-31 21:00:00,22.22,1000.34,
1859-08-01 00:00:00,,,-999
1859-08-01 09:00:00,21.67,999.66,
1859-08-01 21:00:00,21.11,1002.37,
1859-08-02 00:00:00,,,-999
1859-08-02 09:00:00,20.56,1004.4,
1859-08-02 21:00:00,21.11,1004.06,
1859-08-03 00:00:00,,,RA
1859-08-03 09:00:00,21.67,1004.06,
1859-08-03 21:00:00,20.56,1001.36,
1859-08-04 00:00:00,,,RA
1859-08-04 09:00:00,21.11,995.26,
1859-08-04 21:00:00,22.22,1000.68,
1859-08-05 00:00:00,,,-999
1859-08-05 09:00:00,21.11,1002.03,
1859-08-05 21:00:00,18.33,1004.06,
1859-08-06 00:00:00,,,-999
1859-08-06 09:00:00,21.11,1005.76,
1859-08-06 21:00:00,21.11,1004.06,
1859-08-07 00:00:00,,,HZ
1859-08-07 09:00:00,23.89,1002.37,
1859-08-07 21:00:00,23.33,1003.39,
1859-08-08 00:00:00,,,HZ
1859-08-08 09:00:00,21.11,1006.77,
1859-08-08 21:00:00,20,1007.79,
1859-08-09 00:00:00,,,HZ
1859-08-09 09:00:00,21.67,1010.84,
1859-08-09 21:00:00,21.11,1010.16,
1859-08-10 00:00:00,,,HZ
1859-08-10 09:00:00,22.22,1009.14,
1859-08-10 21:00:00,22.22,1007.45,
1859-08-11 00:00:00,,,RA
1859-08-11 09:00:00,24.44,1005.76,
1859-08-11 21:00:00,23.89,1004.06,
1859-08-12 00:00:00,,,-999
1859-08-12 09:00:00,21.67,1003.39,
1859-08-12 21:00:00,21.67,1002.71,
1859-08-13 00:00:00,,,-999
1859-08-13 09:00:00,21.67,1004.06,
1859-08-13 21:00:00,23.89,1003.73,
1859-08-14 00:00:00,,,-999
1859-08-14 09:00:00,24.44,1004.06,
1859-08-14 21:00:00,25.56,1003.05,
1859-08-15 00:00:00,,,-999
1859-08-15 09:00:00,25,1005.76,
1859-08-15 21:00:00,23.89,1006.43,
1859-08-16 00:00:00,,,-999
1859-08-16 09:00:00,23.89,1007.45,
1859-08-16 21:00:00,23.33,1008.13,
1859-08-17 00:00:00,,,-999
1859-08-17 09:00:00,23.89,1009.82,
1859-08-17 21:00:00,23.33,1008.47,
1859-08-18 00:00:00,,,RA
1859-08-18 09:00:00,24.44,1005.08,
1859-08-18 21:00:00,22.22,1002.37,
1859-08-19 00:00:00,,,-999
1859-08-19 09:00:00,20,1005.08,
1859-08-19 21:00:00,19.44,1006.43,
1859-08-20 00:00:00,,,-999
1859-08-20 09:00:00,20,1009.82,
1859-08-20 21:00:00,21.11,1008.47,
1859-08-21 00:00:00,,,-999
1859-08-21 09:00:00,21.67,1009.48,
1859-08-21 21:00:00,20.56,1009.14,
1859-08-22 00:00:00,,,-999
1859-08-22 09:00:00,22.22,1006.43,
1859-08-22 21:00:00,22.22,1005.08,
1859-08-23 00:00:00,,,RA
1859-08-23 09:00:00,20,1003.73,
1859-08-23 21:00:00,21.11,1003.73,
1859-08-24 00:00:00,,,TS
1859-08-24 09:00:00,19.44,1000.68,
1859-08-24 21:00:00,20.56,999.32,
1859-08-25 00:00:00,,,-999
1859-08-25 09:00:00,20,1001.69,
1859-08-25 21:00:00,20,1003.39,
1859-08-26 00:00:00,,,TS
1859-08-26 09:00:00,21.11,1003.39,
1859-08-26 21:00:00,20,1002.71,
1859-08-27 00:00:00,,,-999
1859-08-27 09:00:00,19.44,1004.4,
1859-08-27 21:00:00,18.33,1005.76,
1859-08-28 00:00:00,,,AU
1859-08-28 09:00:00,16.11,1007.11,
1859-08-28 21:00:00,14.44,1009.14,
1859-08-29 00:00:00,,,-999
1859-08-29 09:00:00,15.56,1009.82,
1859-08-29 21:00:00,16.11,1007.45,
1859-08-30 00:00:00,,,-999
1859-08-30 09:00:00,16.11,1004.06,
1859-08-30 21:00:00,20,1000,
1859-08-31 00:00:00,,,RA
1859-08-31 09:00:00,17.22,1000,
1859-08-31 21:00:00,15.56,1002.37,
1859-09-01 00:00:00,,,TS
1859-09-01 09:00:00,15.56,1001.02,
1859-09-01 21:00:00,14.44,997.63,
1859-09-02 00:00:00,,,-999
1859-09-02 09:00:00,13.89,1002.37,
1859-09-02 21:00:00,15.56,1003.73,
1859-09-03 00:00:00,,,TS
1859-09-03 09:00:00,18.89,998.31,
1859-09-03 21:00:00,17.22,998.98,
1859-09-04 00:00:00,,,-999
1859-09-04 09:00:00,14.44,1006.43,
1859-09-04 21:00:00,13.89,1010.5,
1859-09-05 00:00:00,,,SH
1859-09-05 09:00:00,13.33,1012.53,
1859-09-05 21:00:00,12.78,1013.88,
1859-09-06 00:00:00,,,-999
1859-09-06 09:00:00,12.78,1017.95,
1859-09-06 21:00:00,13.33,1016.59,
1859-09-07 00:00:00,,,-999
1859-09-07 09:00:00,13.33,1016.59,
1859-09-07 21:00:00,13.89,1015.92,
1859-09-08 00:00:00,,,-999
1859-09-08 09:00:00,14.44,1015.92,
1859-09-08 21:00:00,13.89,1015.24,
1859-09-09 00:00:00,,,-999
1859-09-09 09:00:00,15.56,1015.24,
1859-09-09 21:00:00,16.67,1011.18,
1859-09-10 00:00:00,,,RA
1859-09-10 09:00:00,20,1007.11,
1859-09-10 21:00:00,22.78,1004.4,
1859-09-11 00:00:00,,,SH
1859-09-11 09:00:00,23.89,994.24,
1859-09-11 21:00:00,18.33,995.6,
1859-09-12 00:00:00,,,-999
1859-09-12 09:00:00,17.78,992.89,
1859-09-12 21:00:00,20,987.47,
1859-09-13 00:00:00,,,-999
1859-09-13 09:00:00,14.44,992.21,
1859-09-13 21:00:00,10.56,996.28,
1859-09-14 00:00:00,,,-999
1859-09-14 09:00:00,10,1002.37,
1859-09-14 21:00:00,7.78,1012.53,
1859-09-15 00:00:00,,,-999
1859-09-15 09:00:00,7.78,1017.27,
1859-09-15 21:00:00,8.89,1013.88,
1859-09-16 00:00:00,,,-999
1859-09-16 09:00:00,10,1010.5,
1859-09-16 21:00:00,12.22,1005.76,
1859-09-17 00:00:00,,,FG
1859-09-17 09:00:00,12.78,1003.73,
1859-09-17 21:00:00,13.33,1004.4,
1859-09-18 00:00:00,,,-999
1859-09-18 09:00:00,14.44,1006.43,
1859-09-18 21:00:00,13.89,1002.37,
1859-09-19 00:00:00,,,TS
1859-09-19 09:00:00,13.33,996.95,
1859-09-19 21:00:00,15.56,994.92,
1859-09-20 00:00:00,,,SH
1859-09-20 09:00:00,12.22,1001.02,
1859-09-20 21:00:00,12.22,1005.08,
1859-09-21 00:00:00,,,RA
1859-09-21 09:00:00,10.56,1004.06,
1859-09-21 21:00:00,12.22,1000,
1859-09-22 00:00:00,,,SH
1859-09-22 09:00:00,12.22,998.98,
1859-09-22 21:00:00,15.56,1003.73,
1859-09-23 00:00:00,,,-999
1859-09-23 09:00:00,15.56,1005.76,
1859-09-23 21:00:00,16.67,1005.76,
1859-09-24 00:00:00,,,-999
1859-09-24 09:00:00,16.67,1005.76,
1859-09-24 21:00:00,15.56,1004.74,
1859-09-25 00:00:00,,,-999
1859-09-25 09:00:00,15.56,1005.42,
1859-09-25 21:00:00,16.11,1004.06,
1859-09-26 00:00:00,,,-999
1859-09-26 09:00:00,16.67,1005.08,
1859-09-26 21:00:00,18.89,1003.05,
1859-09-27 00:00:00,,,SH
1859-09-27 09:00:00,19.44,1001.02,
1859-09-27 21:00:00,18.33,1005.08,
1859-09-28 00:00:00,,,-999
1859-09-28 09:00:00,16.67,1009.48,
1859-09-28 21:00:00,14.44,1012.87,
1859-09-29 00:00:00,,,-999
1859-09-29 09:00:00,12.78,1016.26,
1859-09-29 21:00:00,15,1013.55,
1859-09-30 00:00:00,,,-999
1859-09-30 09:00:00,14.44,1014.22,
1859-09-30 21:00:00,15.56,1004.74,
1859-11-01 00:00:00,,,-999
1859-11-01 09:00:00,3.33,1008.47,
1859-11-01 21:00:00,5.56,1005.76,
1859-11-02 00:00:00,,,-999
1859-11-02 09:00:00,4.44,1005.76,
1859-11-02 21:00:00,2.22,1011.85,
1859-11-03 00:00:00,,,-999
1859-11-03 09:00:00,3.33,1019.3,
1859-11-03 21:00:00,6.11,1014.22,
1859-11-04 00:00:00,,,HZ
1859-11-04 09:00:00,11.67,1006.77,
1859-11-04 21:00:00,17.78,1004.74,
1859-11-05 00:00:00,,,HZ
1859-11-05 09:00:00,16.11,1004.74,
1859-11-05 21:00:00,7.22,1017.61,
1859-11-06 00:00:00,,,-999
1859-11-06 09:00:00,1.67,1022.69,
1859-11-06 21:00:00,4.44,1021,
1859-11-07 00:00:00,,,HZ
1859-11-07 09:00:00,5.56,1016.59,
1859-11-07 21:00:00,4.44,1013.55,
1859-11-08 00:00:00,,,HZ
1859-11-08 09:00:00,5,1011.85,
1859-11-08 21:00:00,15.56,1007.11,
1859-11-09 00:00:00,,,RA
1859-11-09 09:00:00,13.89,1005.76,
1859-11-09 21:00:00,7.22,1005.08,
1859-11-10 00:00:00,,,RA
1859-11-10 09:00:00,5.56,996.28,
1859-11-10 21:00:00,4.44,993.57,
1859-11-11 00:00:00,,,-999
1859-11-11 09:00:00,1.67,1005.76,
1859-11-11 21:00:00,1.67,1002.37,
1859-11-12 00:00:00,,,SN
1859-11-12 09:00:00,3.33,997.63,
1859-11-12 21:00:00,12.78,984.76,
1859-11-13 00:00:00,,,AU
1859-11-13 09:00:00,1.11,988.83,
1859-11-13 21:00:00,-1.11,993.57,
1859-11-14 00:00:00,,,SN
1859-11-14 09:00:00,-1.11,1001.02,
1859-11-14 21:00:00,0,1005.76,
1859-11-15 00:00:00,,,-999
1859-11-15 09:00:00,0.56,1011.18,
1859-11-15 21:00:00,1.67,1013.21,
1859-11-16 00:00:00,,,HZ
1859-11-16 09:00:00,0,1011.18,
1859-11-16 21:00:00,8.89,1006.43,
1859-11-17 00:00:00,,,HZ
1859-11-17 09:00:00,10,1005.76,
1859-11-17 21:00:00,11.11,1007.45,
1859-11-18 00:00:00,,,RA
1859-11-18 09:00:00,5.56,1006.77,
1859-11-18 21:00:00,8.89,1000.68,
1859-11-19 00:00:00,,,RA
1859-11-19 09:00:00,8.33,988.15,
1859-11-19 21:00:00,3.33,995.6,
1859-11-20 00:00:00,,,-999
1859-11-20 09:00:00,0,1009.14,
1859-11-20 21:00:00,-1.11,1013.21,
1859-11-21 00:00:00,,,SN
1859-11-21 09:00:00,0,1011.85,
1859-11-21 21:00:00,3.33,998.31,
1859-11-22 00:00:00,,,RA
1859-11-22 09:00:00,8.89,994.92,
1859-11-22 21:00:00,5.56,1002.37,
1859-11-23 00:00:00,,,-999
1859-11-23 09:00:00,3.33,1009.14,
1859-11-23 21:00:00,2.22,1015.92,
1859-11-24 00:00:00,,,-999
1859-11-24 09:00:00,1.11,1020.66,
1859-11-24 21:00:00,0,1019.64,
1859-11-25 00:00:00,,,RA
1859-11-25 09:00:00,-1.11,1011.18,
1859-11-25 21:00:00,8.89,982.05,
1859-11-26 00:00:00,,,-999
1859-11-26 09:00:00,6.11,991.2,
1859-11-26 21:00:00,3.33,997.97,
1859-11-27 00:00:00,,,-999
1859-11-27 09:00:00,1.11,1001.36,
1859-11-27 21:00:00,1.67,997.29,
1859-11-28 00:00:00,,,-999
1859-11-28 09:00:00,0.56,999.66,
1859-11-28 21:00:00,0,1004.06,
1859-11-29 00:00:00,,,-999
1859-11-29 09:00:00,0,1004.74,
1859-11-29 21:00:00,5,1000,
1859-11-30 00:00:00,,,-999
1859-11-30 09:00:00,5.56,998.98,
1859-11-30 21:00:00,8.89,1001.02,
1859-12-01 00:00:00,,,RA
1859-12-01 09:00:00,13.89,992.89,
1859-12-01 21:00:00,5.56,1004.06,
1859-12-02 00:00:00,,,SN
1859-12-02 09:00:00,-3.33,1008.81,
1859-12-02 21:00:00,-6.67,1017.61,
1859-12-03 00:00:00,,,SN
1859-12-03 09:00:00,-13.33,1021.67,
1859-12-03 21:00:00,-6.11,1018.96,
1859-12-04 00:00:00,,,SN
1859-12-04 09:00:00,-6.67,1010.5,
1859-12-04 21:00:00,-2.78,1009.14,
1859-12-05 00:00:00,,,FG
1859-12-05 09:00:00,0,1009.14,
1859-12-05 21:00:00,1.67,1008.13,
1859-12-06 00:00:00,,,RA
1859-12-06 09:00:00,2.78,1001.69,
1859-12-06 21:00:00,3.33,998.31,
1859-12-07 00:00:00,,,SN
1859-12-07 09:00:00,-5,1003.73,
1859-12-07 21:00:00,-10.56,1009.82,
1859-12-08 00:00:00,,,-999
1859-12-08 09:00:00,-13.33,1011.18,
1859-12-08 21:00:00,-11.11,1013.88,
1859-12-09 00:00:00,,,SN
1859-12-09 09:00:00,-5,1005.76,
1859-12-09 21:00:00,-2.22,1001.69,
1859-12-10 00:00:00,,,-999
1859-12-10 09:00:00,-9.44,1014.56,
1859-12-10 21:00:00,-5.56,1005.76,
1859-12-11 00:00:00,,,SN
1859-12-11 09:00:00,0.56,1000.34,
1859-12-11 21:00:00,3.33,985.44,
1859-12-12 00:00:00,,,SN
1859-12-12 09:00:00,-9.44,998.31,
1859-12-12 21:00:00,-9.44,1002.37,
1859-12-13 00:00:00,,,-999
1859-12-13 09:00:00,-12.22,1007.79,
1859-12-13 21:00:00,-6.11,1009.82,
1859-12-14 00:00:00,,,SN
1859-12-14 09:00:00,-7.78,1008.47,
1859-12-14 21:00:00,-5.56,1008.47,
1859-12-15 00:00:00,,,-999
1859-12-15 09:00:00,-7.78,1008.13,
1859-12-15 21:00:00,-7.78,1009.14,
1859-12-16 00:00:00,,,-999
1859-12-16 09:00:00,-6.11,1007.79,
1859-12-16 21:00:00,-6.67,1007.45,
1859-12-17 00:00:00,,,SN
1859-12-17 09:00:00,-3.89,1002.37,
1859-12-17 21:00:00,0.56,992.21,
1859-12-18 00:00:00,,,SN
1859-12-18 09:00:00,0.56,990.86,
1859-12-18 21:00:00,1.67,991.53,
1859-12-19 00:00:00,,,SN
1859-12-19 09:00:00,2.22,994.24,
1859-12-19 21:00:00,1.11,997.63,
1859-12-20 00:00:00,,,SN
1859-12-20 09:00:00,0.56,993.91,
1859-12-20 21:00:00,-2.22,990.52,
1859-12-21 00:00:00,,,-999
1859-12-21 09:00:00,-5,997.63,
1859-12-21 21:00:00,-6.67,1002.37,
1859-12-22 00:00:00,,,SN
1859-12-22 09:00:00,-8.33,1001.69,
1859-12-22 21:00:00,-6.67,998.31,
1859-12-23 00:00:00,,,SN
1859-12-23 09:00:00,-8.89,995.6,
1859-12-23 21:00:00,-11.11,994.24,
1859-12-24 00:00:00,,,-999
1859-12-24 09:00:00,-12.22,1001.36,
1859-12-24 21:00:00,-11.11,1003.05,
1859-12-25 00:00:00,,,-999
1859-12-25 09:00:00,-7.22,998.98,
1859-12-25 21:00:00,-2.22,990.52,
1859-12-26 00:00:00,,,-999
1859-12-26 09:00:00,1.67,989.5,
1859-12-26 21:00:00,-1.11,1004.06,
1859-12-27 00:00:00,,,-999
1859-12-27 09:00:00,-5.56,1012.87,
1859-12-27 21:00:00,-12.22,1015.92,
1859-12-28 00:00:00,,,SN
1859-12-28 09:00:00,-15.56,1015.24,
1859-12-28 21:00:00,-15,1014.22,
1859-12-29 00:00:00,,,SN
1859-12-29 09:00:00,-12.22,1008.47,
1859-12-29 21:00:00,-8.89,992.21,
1859-12-30 09:00:00,-6.67,994.24,
1859-12-30 21:00:00,-9.44,997.63,
1859-12-31 09:00:00,-20.56,1005.76,
1859-12-31 21:00:00,-17.78,1009.14,