,StationName,ObservationDate,UTCDate,value,unit,field_key,fieldID,annotationID,transcriptionID,pageID
1,Fort Peel River,1863-02-01 21:00:00,1863-02-01 21:00:00,1,Sm,wind_force_9pm,110,230390,2067,1992
2,Fort Peel River,1863-02-02 21:00:00,1863-02-02 21:00:00,1,Sm,wind_force_9pm,110,230389,2067,1992
3,Fort Peel River,1863-02-03 21:00:00,1863-02-03 21:00:00,1,Sm,wind_force_9pm,110,230388,2067,1992
4,Fort Peel River,1863-02-04 21:00:00,1863-02-04 21:00:00,1,Sm,wind_force_9pm,110,230387,2067,1992
5,Fort Peel River,1863-02-05 21:00:00,1863-02-05 21:00:00,1,Sm,wind_force_9pm,110,230386,2067,1992
6,Fort Peel River,1863-02-06 21:00:00,1863-02-06 21:00:00,1,Sm,wind_force_9pm,110,230385,2067,1992
7,Fort Peel River,1863-02-07 21:00:00,1863-02-07 21:00:00,2,Sm,wind_force_9pm,110,230384,2067,1992
8,Fort Peel River,1863-02-08 21:00:00,1863-02-08 21:00:00,0,Sm,wind_force_9pm,110,230383,2067,1992
9,Fort Peel River,1863-02-09 21:00:00,1863-02-09 21:00:00,1,Sm,wind_force_9pm,110,230382,2067,1992
10,Fort Peel River,1863-02-10 21:00:00,1863-02-10 21:00:00,2,Sm,wind_force_9pm,110,230381,2067,1992
11,Fort Peel River,1863-02-11 21:00:00,1863-02-11 21:00:00,2,Sm,wind_force_9pm,110,230380,2067,1992
12,Fort Peel River,1863-02-12 21:00:00,1863-02-12 21:00:00,-888,Sm,wind_force_9pm,110,230379,2067,1992
13,Fort Peel River,1863-02-13 21:00:00,1863-02-13 21:00:00,-888,Sm,wind_force_9pm,110,230378,2067,1992
14,Fort Peel River,1863-02-14 21:00:00,1863-02-14 21:00:00,-888,Sm,wind_force_9pm,110,230377,2067,1992
15,Fort Peel River,1863-02-15 21:00:00,1863-02-15 21:00:00,-888,Sm,wind_force_9pm,110,230375,2067,1992
16,Fort Peel River,1863-02-16 21:00:00,1863-02-16 21:00:00,1,Sm,wind_force_9pm,110,230374,2067,1992
17,Fort Peel River,1863-02-17 21:00:00,1863-02-17 21:00:00,1,Sm,wind_force_9pm,110,230373,2067,1992
18,Fort Peel River,1863-02-18 21:00:00,1863-02-18 21:00:00,1,Sm,wind_force_9pm,110,230372,2067,1992
19,Fort Peel River,1863-02-19 21:00:00,1863-02-19 21:00:00,1,Sm,wind_force_9pm,110,230371,2067,1992
20,Fort Peel River,1863-02-20 21:00:00,1863-02-20 21:00:00,1,Sm,wind_force_9pm,110,230370,2067,1992
21,Fort Peel River,1863-02-21 21:00:00,1863-02-21 21:00:00,0,Sm,wind_force_9pm,110,230369,2067,1992
22,Fort Peel River,1863-02-22 21:00:00,1863-02-22 21:00:00,0,Sm,wind_force_9pm,110,230368,2067,1992
23,Fort Peel River,1863-02-23 21:00:00,1863-02-23 21:00:00,0,Sm,wind_force_9pm,110,230367,2067,1992
24,Fort Peel River,1863-02-24 21:00:00,1863-02-24 21:00:00,1,Sm,wind_force_9pm,110,230366,2067,1992
25,Fort Peel River,1863-02-25 21:00:00,1863-02-25 21:00:00,1,Sm,wind_force_9pm,110,230365,2067,1992
26,Fort Peel River,1863-02-26 21:00:00,1863-02-26 21:00:00,1,Sm,wind_force_9pm,110,230364,2067,1992
27,Fort Peel River,1863-02-27 21:00:00,1863-02-27 21:00:00,1,Sm,wind_force_9pm,110,230363,2067,1992
28,Fort Peel River,1863-02-28 21:00:00,1863-02-28 21:00:00,1,Sm,wind_force_9pm,110,230362,2067,1992
29,Fort Peel River,1863-03-01 21:00:00,1863-03-01 21:00:00,1,Sm,wind_force_9pm,110,230090,2066,1994
30,Fort Peel River,1863-03-02 21:00:00,1863-03-02 21:00:00,1,Sm,wind_force_9pm,110,230091,2066,1994
31,Fort Peel River,1863-03-03 21:00:00,1863-03-03 21:00:00,1,Sm,wind_force_9pm,110,230092,2066,1994
32,Fort Peel River,1863-03-04 21:00:00,1863-03-04 21:00:00,1,Sm,wind_force_9pm,110,230093,2066,1994
33,Fort Peel River,1863-03-05 21:00:00,1863-03-05 21:00:00,1,Sm,wind_force_9pm,110,230094,2066,1994
34,Fort Peel River,1863-03-06 21:00:00,1863-03-06 21:00:00,1,Sm,wind_force_9pm,110,230095,2066,1994
35,Fort Peel River,1863-03-07 21:00:00,1863-03-07 21:00:00,1,Sm,wind_force_9pm,110,230096,2066,1994
36,Fort Peel River,1863-03-08 21:00:00,1863-03-08 21:00:00,4,Sm,wind_force_9pm,110,230097,2066,1994
37,Fort Peel River,1863-03-09 21:00:00,1863-03-09 21:00:00,4,Sm,wind_force_9pm,110,230098,2066,1994
38,Fort Peel River,1863-03-10 21:00:00,1863-03-10 21:00:00,1,Sm,wind_force_9pm,110,230099,2066,1994
39,Fort Peel River,1863-03-11 21:00:00,1863-03-11 21:00:00,2,Sm,wind_force_9pm,110,230100,2066,1994
40,Fort Peel River,1863-03-12 21:00:00,1863-03-12 21:00:00,3,Sm,wind_force_9pm,110,230101,2066,1994
41,Fort Peel River,1863-03-13 21:00:00,1863-03-13 21:00:00,3,Sm,wind_force_9pm,110,230102,2066,1994
42,Fort Peel River,1863-03-14 21:00:00,1863-03-14 21:00:00,2,Sm,wind_force_9pm,110,230103,2066,1994
43,Fort Peel River,1863-03-15 21:00:00,1863-03-15 21:00:00,1,Sm,wind_force_9pm,110,230104,2066,1994
44,Fort Peel River,1863-03-16 21:00:00,1863-03-16 21:00:00,1,Sm,wind_force_9pm,110,230105,2066,1994
45,Fort Peel River,1863-03-17 21:00:00,1863-03-17 21:00:00,2,Sm,wind_force_9pm,110,230106,2066,1994
46,Fort Peel River,1863-03-18 21:00:00,1863-03-18 21:00:00,1,Sm,wind_force_9pm,110,230107,2066,1994
47,Fort Peel River,1863-03-19 21:00:00,1863-03-19 21:00:00,1,Sm,wind_force_9pm,110,230108,2066,1994
48,Fort Peel River,1863-03-20 21:00:00,1863-03-20 21:00:00,1,Sm,wind_force_9pm,110,230109,2066,1994
49,Fort Peel River,1863-03-21 21:00:00,1863-03-21 21:00:00,1,Sm,wind_force_9pm,110,230110,2066,1994
50,Fort Peel River,1863-03-22 21:00:00,1863-03-22 21:00:00,2,Sm,wind_force_9pm,110,230111,2066,1994
51,Fort Peel River,1863-03-23 21:00:00,1863-03-23 21:00:00,3,Sm,wind_force_9pm,110,230112,2066,1994
52,Fort Peel River,1863-03-24 21:00:00,1863-03-24 21:00:00,1,Sm,wind_force_9pm,110,230113,2066,1994
53,Fort Peel River,1863-03-25 21:00:00,1863-03-25 21:00:00,2,Sm,wind_force_9pm,110,230114,2066,1994
54,Fort Peel River,1863-03-26 21:00:00,1863-03-26 21:00:00,2,Sm,wind_force_9pm,110,230115,2066,1994
55,Fort Peel River,1863-03-27 21:00:00,1863-03-27 21:00:00,3,Sm,wind_force_9pm,110,230116,2066,1994
56,Fort Peel River,1863-03-28 21:00:00,1863-03-28 21:00:00,3,Sm,wind_force_9pm,110,230117,2066,1994
57,Fort Peel River,1863-03-29 21:00:00,1863-03-29 21:00:00,1,Sm,wind_force_9pm,110,230118,2066,1994
58,Fort Peel River,1863-03-30 21:00:00,1863-03-30 21:00:00,-888,Sm,wind_force_9pm,110,230119,2066,1994
59,Fort Peel River,1863-03-31 21:00:00,1863-03-31 21:00:00,-888,Sm,wind_force_9pm,110,230120,2066,1994
60,Fort Peel River,1863-04-01 21:00:00,1863-04-01 21:00:00,3,Sm,wind_force_9pm,110,230547,2068,1996
61,Fort Peel River,1863-04-02 21:00:00,1863-04-02 21:00:00,1,Sm,wind_force_9pm,110,230548,2068,1996
62,Fort Peel River,1863-04-03 21:00:00,1863-04-03 21:00:00,1,Sm,wind_force_9pm,110,230550,2068,1996
63,Fort Peel River,1863-04-04 21:00:00,1863-04-04 21:00:00,1,Sm,wind_force_9pm,110,230551,2068,1996
64,Fort Peel River,1863-04-05 21:00:00,1863-04-05 21:00:00,1,Sm,wind_force_9pm,110,230552,2068,1996
65,Fort Peel River,1863-04-06 21:00:00,1863-04-06 21:00:00,1,Sm,wind_force_9pm,110,230553,2068,1996
66,Fort Peel River,1863-04-07 21:00:00,1863-04-07 21:00:00,3,Sm,wind_force_9pm,110,230554,2068,1996
67,Fort Peel River,1863-04-08 21:00:00,1863-04-08 21:00:00,3,Sm,wind_force_9pm,110,230555,2068,1996
68,Fort Peel River,1863-04-09 21:00:00,1863-04-09 21:00:00,3,Sm,wind_force_9pm,110,230556,2068,1996
69,Fort Peel River,1863-04-10 21:00:00,1863-04-10 21:00:00,1,Sm,wind_force_9pm,110,230557,2068,1996
70,Fort Peel River,1863-04-11 21:00:00,1863-04-11 21:00:00,-888,Sm,wind_force_9pm,110,230558,2068,1996
71,Fort Peel River,1863-04-12 21:00:00,1863-04-12 21:00:00,2,Sm,wind_force_9pm,110,230559,2068,1996
72,Fort Peel River,1863-04-13 21:00:00,1863-04-13 21:00:00,1,Sm,wind_force_9pm,110,230560,2068,1996
73,Fort Peel River,1863-04-14 21:00:00,1863-04-14 21:00:00,1,Sm,wind_force_9pm,110,230561,2068,1996
74,Fort Peel River,1863-04-15 21:00:00,1863-04-15 21:00:00,1,Sm,wind_force_9pm,110,230562,2068,1996
75,Fort Peel River,1863-04-16 21:00:00,1863-04-16 21:00:00,1,Sm,wind_force_9pm,110,230563,2068,1996
76,Fort Peel River,1863-04-17 21:00:00,1863-04-17 21:00:00,1,Sm,wind_force_9pm,110,230564,2068,1996
77,Fort Peel River,1863-04-18 21:00:00,1863-04-18 21:00:00,2,Sm,wind_force_9pm,110,230565,2068,1996
78,Fort Peel River,1863-04-19 21:00:00,1863-04-19 21:00:00,1,Sm,wind_force_9pm,110,230566,2068,1996
79,Fort Peel River,1863-04-20 21:00:00,1863-04-20 21:00:00,1,Sm,wind_force_9pm,110,230567,2068,1996
80,Fort Peel River,1863-04-21 21:00:00,1863-04-21 21:00:00,1,Sm,wind_force_9pm,110,230568,2068,1996
81,Fort Peel River,1863-04-22 21:00:00,1863-04-22 21:00:00,1,Sm,wind_force_9pm,110,230569,2068,1996
82,Fort Peel River,1863-04-23 21:00:00,1863-04-23 21:00:00,2,Sm,wind_force_9pm,110,230570,2068,1996
83,Fort Peel River,1863-04-24 21:00:00,1863-04-24 21:00:00,2,Sm,wind_force_9pm,110,230571,2068,1996
84,Fort Peel River,1863-04-25 21:00:00,1863-04-25 21:00:00,1,Sm,wind_force_9pm,110,230572,2068,1996
85,Fort Peel River,1863-04-26 21:00:00,1863-04-26 21:00:00,1,Sm,wind_force_9pm,110,230573,2068,1996
86,Fort Peel River,1863-04-27 21:00:00,1863-04-27 21:00:00,4,Sm,wind_force_9pm,110,230574,2068,1996
87,Fort Peel River,1863-04-28 21:00:00,1863-04-28 21:00:00,1,Sm,wind_force_9pm,110,230578,2068,1996
88,Fort Peel River,1863-04-29 21:00:00,1863-04-29 21:00:00,1,Sm,wind_force_9pm,110,230580,2068,1996
89,Fort Peel River,1863-04-30 21:00:00,1863-04-30 21:00:00,1,Sm,wind_force_9pm,110,230583,2068,1996
90,Fort Peel River,1863-05-01 21:00:00,1863-05-01 21:00:00,2,Sm,wind_force_9pm,110,234566,2069,1998
91,Fort Peel River,1863-05-02 21:00:00,1863-05-02 21:00:00,1,Sm,wind_force_9pm,110,234569,2069,1998
92,Fort Peel River,1863-05-03 21:00:00,1863-05-03 21:00:00,1,Sm,wind_force_9pm,110,234570,2069,1998
93,Fort Peel River,1863-05-04 21:00:00,1863-05-04 21:00:00,1,Sm,wind_force_9pm,110,235009,2069,1998
94,Fort Peel River,1863-05-05 21:00:00,1863-05-05 21:00:00,2,Sm,wind_force_9pm,110,235014,2069,1998
95,Fort Peel River,1863-05-06 21:00:00,1863-05-06 21:00:00,1,Sm,wind_force_9pm,110,235015,2069,1998
96,Fort Peel River,1863-05-07 21:00:00,1863-05-07 21:00:00,1,Sm,wind_force_9pm,110,235016,2069,1998
97,Fort Peel River,1863-05-08 21:00:00,1863-05-08 21:00:00,1,Sm,wind_force_9pm,110,235017,2069,1998
98,Fort Peel River,1863-05-09 21:00:00,1863-05-09 21:00:00,1,Sm,wind_force_9pm,110,235020,2069,1998
99,Fort Peel River,1863-05-10 21:00:00,1863-05-10 21:00:00,1,Sm,wind_force_9pm,110,235024,2069,1998
100,Fort Peel River,1863-05-11 21:00:00,1863-05-11 21:00:00,1,Sm,wind_force_9pm,110,235026,2069,1998
101,Fort Peel River,1863-05-12 21:00:00,1863-05-12 21:00:00,2,Sm,wind_force_9pm,110,235062,2069,1998
102,Fort Peel River,1863-05-13 21:00:00,1863-05-13 21:00:00,1,Sm,wind_force_9pm,110,235064,2069,1998
103,Fort Peel River,1863-05-14 21:00:00,1863-05-14 21:00:00,1,Sm,wind_force_9pm,110,235066,2069,1998
104,Fort Peel River,1863-05-15 21:00:00,1863-05-15 21:00:00,2,Sm,wind_force_9pm,110,235068,2069,1998
105,Fort Peel River,1863-05-16 21:00:00,1863-05-16 21:00:00,3,Sm,wind_force_9pm,110,235071,2069,1998
106,Fort Peel River,1863-05-17 21:00:00,1863-05-17 21:00:00,1,Sm,wind_force_9pm,110,235072,2069,1998
107,Fort Peel River,1863-05-18 21:00:00,1863-05-18 21:00:00,2,Sm,wind_force_9pm,110,235073,2069,1998
108,Fort Peel River,1863-05-19 21:00:00,1863-05-19 21:00:00,1,Sm,wind_force_9pm,110,235074,2069,1998
109,Fort Peel River,1863-05-20 21:00:00,1863-05-20 21:00:00,1,Sm,wind_force_9pm,110,235075,2069,1998
110,Fort Peel River,1863-05-21 21:00:00,1863-05-21 21:00:00,3,Sm,wind_force_9pm,110,235076,2069,1998
111,Fort Peel River,1863-05-22 21:00:00,1863-05-22 21:00:00,1,Sm,wind_force_9pm,110,235078,2069,1998
112,Fort Peel River,1863-05-23 21:00:00,1863-05-23 21:00:00,1,Sm,wind_force_9pm,110,235080,2069,1998
113,Fort Peel River,1863-05-24 21:00:00,1863-05-24 21:00:00,1,Sm,wind_force_9pm,110,235082,2069,1998
114,Fort Peel River,1863-05-25 21:00:00,1863-05-25 21:00:00,1,Sm,wind_force_9pm,110,235084,2069,1998
115,Fort Peel River,1863-05-26 21:00:00,1863-05-26 21:00:00,1,Sm,wind_force_9pm,110,235086,2069,1998
116,Fort Peel River,1863-05-27 21:00:00,1863-05-27 21:00:00,3,Sm,wind_force_9pm,110,235088,2069,1998
117,Fort Peel River,1863-05-28 21:00:00,1863-05-28 21:00:00,4,Sm,wind_force_9pm,110,235090,2069,1998
118,Fort Peel River,1863-05-29 21:00:00,1863-05-29 21:00:00,1,Sm,wind_force_9pm,110,235091,2069,1998
119,Fort Peel River,1863-05-30 21:00:00,1863-05-30 21:00:00,1,Sm,wind_force_9pm,110,235092,2069,1998
120,Fort Peel River,1863-05-31 21:00:00,1863-05-31 21:00:00,1,Sm,wind_force_9pm,110,235093,2069,1998
121,Fort Peel River,1863-06-01 21:00:00,1863-06-01 21:00:00,1,Sm,wind_force_9pm,110,230725,2072,2002
122,Fort Peel River,1863-06-02 21:00:00,1863-06-02 21:00:00,0,Sm,wind_force_9pm,110,230726,2072,2002
123,Fort Peel River,1863-06-03 21:00:00,1863-06-03 21:00:00,0,Sm,wind_force_9pm,110,230727,2072,2002
124,Fort Peel River,1863-06-04 21:00:00,1863-06-04 21:00:00,0,Sm,wind_force_9pm,110,230728,2072,2002
125,Fort Peel River,1863-06-05 21:00:00,1863-06-05 21:00:00,0,Sm,wind_force_9pm,110,230729,2072,2002
126,Fort Peel River,1863-06-06 21:00:00,1863-06-06 21:00:00,0,Sm,wind_force_9pm,110,230730,2072,2002
127,Fort Peel River,1863-06-07 21:00:00,1863-06-07 21:00:00,0,Sm,wind_force_9pm,110,230731,2072,2002
128,Fort Peel River,1863-06-08 21:00:00,1863-06-08 21:00:00,0,Sm,wind_force_9pm,110,230732,2072,2002
129,Fort Peel River,1863-06-09 21:00:00,1863-06-09 21:00:00,2,Sm,wind_force_9pm,110,230733,2072,2002
130,Fort Peel River,1863-06-10 21:00:00,1863-06-10 21:00:00,1,Sm,wind_force_9pm,110,230734,2072,2002
131,Fort Peel River,1863-06-11 21:00:00,1863-06-11 21:00:00,2,Sm,wind_force_9pm,110,230735,2072,2002
132,Fort Peel River,1863-06-12 21:00:00,1863-06-12 21:00:00,0,Sm,wind_force_9pm,110,230736,2072,2002
133,Fort Peel River,1863-06-13 21:00:00,1863-06-13 21:00:00,1,Sm,wind_force_9pm,110,230737,2072,2002
134,Fort Peel River,1863-06-14 21:00:00,1863-06-14 21:00:00,0,Sm,wind_force_9pm,110,230738,2072,2002
135,Fort Peel River,1863-06-15 21:00:00,1863-06-15 21:00:00,2,Sm,wind_force_9pm,110,230739,2072,2002
136,Fort Peel River,1863-06-16 21:00:00,1863-06-16 21:00:00,1,Sm,wind_force_9pm,110,230740,2072,2002
137,Fort Peel River,1863-06-17 21:00:00,1863-06-17 21:00:00,1,Sm,wind_force_9pm,110,230741,2072,2002
138,Fort Peel River,1863-06-18 21:00:00,1863-06-18 21:00:00,1,Sm,wind_force_9pm,110,230742,2072,2002
139,Fort Peel River,1863-06-19 21:00:00,1863-06-19 21:00:00,2,Sm,wind_force_9pm,110,230743,2072,2002
140,Fort Peel River,1863-06-20 21:00:00,1863-06-20 21:00:00,2,Sm,wind_force_9pm,110,230744,2072,2002
141,Fort Peel River,1863-06-21 21:00:00,1863-06-21 21:00:00,1,Sm,wind_force_9pm,110,230745,2072,2002
142,Fort Peel River,1863-06-22 21:00:00,1863-06-22 21:00:00,1,Sm,wind_force_9pm,110,230746,2072,2002
143,Fort Peel River,1863-06-23 21:00:00,1863-06-23 21:00:00,1,Sm,wind_force_9pm,110,230747,2072,2002
144,Fort Peel River,1863-06-24 21:00:00,1863-06-24 21:00:00,1,Sm,wind_force_9pm,110,230748,2072,2002
145,Fort Peel River,1863-06-25 21:00:00,1863-06-25 21:00:00,1,Sm,wind_force_9pm,110,230749,2072,2002
146,Fort Peel River,1863-06-26 21:00:00,1863-06-26 21:00:00,1,Sm,wind_force_9pm,110,230750,2072,2002
147,Fort Peel River,1863-06-27 21:00:00,1863-06-27 21:00:00,1,Sm,wind_force_9pm,110,230751,2072,2002
148,Fort Peel River,1863-06-28 21:00:00,1863-06-28 21:00:00,2,Sm,wind_force_9pm,110,230752,2072,2002
149,Fort Peel River,1863-06-29 21:00:00,1863-06-29 21:00:00,1,Sm,wind_force_9pm,110,230753,2072,2002
150,Fort Peel River,1863-06-30 21:00:00,1863-06-30 21:00:00,0,Sm,wind_force_9pm,110,230754,2072,2002
151,Fort Peel River,1863-07-01 21:00:00,1863-07-01 21:00:00,2,Sm,wind_force_9pm,110,231016,2073,2001
152,Fort Peel River,1863-07-02 21:00:00,1863-07-02 21:00:00,3,Sm,wind_force_9pm,110,231015,2073,2001
153,Fort Peel River,1863-07-03 21:00:00,1863-07-03 21:00:00,1,Sm,wind_force_9pm,110,231014,2073,2001
154,Fort Peel River,1863-07-04 21:00:00,1863-07-04 21:00:00,3,Sm,wind_force_9pm,110,231013,2073,2001
155,Fort Peel River,1863-07-05 21:00:00,1863-07-05 21:00:00,4,Sm,wind_force_9pm,110,231012,2073,2001
156,Fort Peel River,1863-07-06 21:00:00,1863-07-06 21:00:00,3,Sm,wind_force_9pm,110,231011,2073,2001
157,Fort Peel River,1863-07-07 21:00:00,1863-07-07 21:00:00,1,Sm,wind_force_9pm,110,231010,2073,2001
158,Fort Peel River,1863-07-08 21:00:00,1863-07-08 21:00:00,1,Sm,wind_force_9pm,110,231009,2073,2001
159,Fort Peel River,1863-07-09 21:00:00,1863-07-09 21:00:00,3,Sm,wind_force_9pm,110,231008,2073,2001
160,Fort Peel River,1863-07-10 21:00:00,1863-07-10 21:00:00,1,Sm,wind_force_9pm,110,231007,2073,2001
161,Fort Peel River,1863-07-11 21:00:00,1863-07-11 21:00:00,1,Sm,wind_force_9pm,110,231006,2073,2001
162,Fort Peel River,1863-07-12 21:00:00,1863-07-12 21:00:00,1,Sm,wind_force_9pm,110,231005,2073,2001
163,Fort Peel River,1863-07-13 21:00:00,1863-07-13 21:00:00,1,Sm,wind_force_9pm,110,231004,2073,2001
164,Fort Peel River,1863-07-14 21:00:00,1863-07-14 21:00:00,2,Sm,wind_force_9pm,110,231003,2073,2001
165,Fort Peel River,1863-07-15 21:00:00,1863-07-15 21:00:00,2,Sm,wind_force_9pm,110,231002,2073,2001
166,Fort Peel River,1863-07-16 21:00:00,1863-07-16 21:00:00,1,Sm,wind_force_9pm,110,231001,2073,2001
167,Fort Peel River,1863-07-17 21:00:00,1863-07-17 21:00:00,1,Sm,wind_force_9pm,110,231000,2073,2001
168,Fort Peel River,1863-07-18 21:00:00,1863-07-18 21:00:00,1,Sm,wind_force_9pm,110,230999,2073,2001
169,Fort Peel River,1863-07-19 21:00:00,1863-07-19 21:00:00,1,Sm,wind_force_9pm,110,230998,2073,2001
170,Fort Peel River,1863-07-20 21:00:00,1863-07-20 21:00:00,1,Sm,wind_force_9pm,110,230997,2073,2001
171,Fort Peel River,1863-07-21 21:00:00,1863-07-21 21:00:00,1,Sm,wind_force_9pm,110,230996,2073,2001
172,Fort Peel River,1863-07-22 21:00:00,1863-07-22 21:00:00,1,Sm,wind_force_9pm,110,230995,2073,2001
173,Fort Peel River,1863-07-23 21:00:00,1863-07-23 21:00:00,1,Sm,wind_force_9pm,110,230994,2073,2001
174,Fort Peel River,1863-07-24 21:00:00,1863-07-24 21:00:00,1,Sm,wind_force_9pm,110,230993,2073,2001
175,Fort Peel River,1863-07-25 21:00:00,1863-07-25 21:00:00,1,Sm,wind_force_9pm,110,230992,2073,2001
176,Fort Peel River,1863-07-26 21:00:00,1863-07-26 21:00:00,2,Sm,wind_force_9pm,110,230991,2073,2001
177,Fort Peel River,1863-07-27 21:00:00,1863-07-27 21:00:00,1,Sm,wind_force_9pm,110,230990,2073,2001
178,Fort Peel River,1863-07-28 21:00:00,1863-07-28 21:00:00,1,Sm,wind_force_9pm,110,230989,2073,2001
179,Fort Peel River,1863-07-29 21:00:00,1863-07-29 21:00:00,1,Sm,wind_force_9pm,110,230988,2073,2001
180,Fort Peel River,1863-07-30 21:00:00,1863-07-30 21:00:00,5,Sm,wind_force_9pm,110,230987,2073,2001
181,Fort Peel River,1863-07-31 21:00:00,1863-07-31 21:00:00,4,Sm,wind_force_9pm,110,230986,2073,2001
182,Fort Peel River,1863-08-01 21:00:00,1863-08-01 21:00:00,3,Sm,wind_force_9pm,110,231096,2074,2004
183,Fort Peel River,1863-08-02 21:00:00,1863-08-02 21:00:00,2,Sm,wind_force_9pm,110,231095,2074,2004
184,Fort Peel River,1863-08-03 21:00:00,1863-08-03 21:00:00,3,Sm,wind_force_9pm,110,231094,2074,2004
185,Fort Peel River,1863-08-04 21:00:00,1863-08-04 21:00:00,2,Sm,wind_force_9pm,110,231093,2074,2004
186,Fort Peel River,1863-08-05 21:00:00,1863-08-05 21:00:00,1,Sm,wind_force_9pm,110,231092,2074,2004
187,Fort Peel River,1863-08-06 21:00:00,1863-08-06 21:00:00,1,Sm,wind_force_9pm,110,231091,2074,2004
188,Fort Peel River,1863-08-07 21:00:00,1863-08-07 21:00:00,4,Sm,wind_force_9pm,110,231090,2074,2004
189,Fort Peel River,1863-08-08 21:00:00,1863-08-08 21:00:00,4,Sm,wind_force_9pm,110,231089,2074,2004
190,Fort Peel River,1863-08-09 21:00:00,1863-08-09 21:00:00,3,Sm,wind_force_9pm,110,231088,2074,2004
191,Fort Peel River,1863-08-10 21:00:00,1863-08-10 21:00:00,2,Sm,wind_force_9pm,110,231087,2074,2004
192,Fort Peel River,1863-08-11 21:00:00,1863-08-11 21:00:00,3,Sm,wind_force_9pm,110,231086,2074,2004
193,Fort Peel River,1863-08-12 21:00:00,1863-08-12 21:00:00,3,Sm,wind_force_9pm,110,231085,2074,2004
194,Fort Peel River,1863-08-13 21:00:00,1863-08-13 21:00:00,1,Sm,wind_force_9pm,110,231084,2074,2004
195,Fort Peel River,1863-08-14 21:00:00,1863-08-14 21:00:00,1,Sm,wind_force_9pm,110,231083,2074,2004
196,Fort Peel River,1863-08-15 21:00:00,1863-08-15 21:00:00,1,Sm,wind_force_9pm,110,231082,2074,2004
197,Fort Peel River,1863-08-16 21:00:00,1863-08-16 21:00:00,2,Sm,wind_force_9pm,110,231081,2074,2004
198,Fort Peel River,1863-08-17 21:00:00,1863-08-17 21:00:00,1,Sm,wind_force_9pm,110,231080,2074,2004
199,Fort Peel River,1863-08-18 21:00:00,1863-08-18 21:00:00,1,Sm,wind_force_9pm,110,231079,2074,2004
200,Fort Peel River,1863-08-19 21:00:00,1863-08-19 21:00:00,1,Sm,wind_force_9pm,110,231078,2074,2004
201,Fort Peel River,1863-08-20 21:00:00,1863-08-20 21:00:00,2,Sm,wind_force_9pm,110,231077,2074,2004
202,Fort Peel River,1863-09-10 21:00:00,1863-09-10 21:00:00,3,Sm,wind_force_9pm,110,231272,2075,2006
203,Fort Peel River,1863-09-11 21:00:00,1863-09-11 21:00:00,1,Sm,wind_force_9pm,110,231271,2075,2006
204,Fort Peel River,1863-09-12 21:00:00,1863-09-12 21:00:00,1,Sm,wind_force_9pm,110,231270,2075,2006
205,Fort Peel River,1863-09-13 21:00:00,1863-09-13 21:00:00,1,Sm,wind_force_9pm,110,231269,2075,2006
206,Fort Peel River,1863-09-14 21:00:00,1863-09-14 21:00:00,1,Sm,wind_force_9pm,110,231268,2075,2006
207,Fort Peel River,1863-09-15 21:00:00,1863-09-15 21:00:00,1,Sm,wind_force_9pm,110,231267,2075,2006
208,Fort Peel River,1863-09-16 21:00:00,1863-09-16 21:00:00,1,Sm,wind_force_9pm,110,231266,2075,2006
209,Fort Peel River,1863-09-17 21:00:00,1863-09-17 21:00:00,2,Sm,wind_force_9pm,110,231265,2075,2006
210,Fort Peel River,1863-09-18 21:00:00,1863-09-18 21:00:00,2,Sm,wind_force_9pm,110,231264,2075,2006
211,Fort Peel River,1863-09-19 21:00:00,1863-09-19 21:00:00,1,Sm,wind_force_9pm,110,231263,2075,2006
212,Fort Peel River,1863-09-20 21:00:00,1863-09-20 21:00:00,1,Sm,wind_force_9pm,110,231262,2075,2006
213,Fort Peel River,1863-09-21 21:00:00,1863-09-21 21:00:00,0,Sm,wind_force_9pm,110,231261,2075,2006
214,Fort Peel River,1863-09-22 21:00:00,1863-09-22 21:00:00,1,Sm,wind_force_9pm,110,231260,2075,2006
215,Fort Peel River,1863-09-23 21:00:00,1863-09-23 21:00:00,2,Sm,wind_force_9pm,110,231259,2075,2006
216,Fort Peel River,1863-09-24 21:00:00,1863-09-24 21:00:00,2,Sm,wind_force_9pm,110,231258,2075,2006
217,Fort Peel River,1863-09-25 21:00:00,1863-09-25 21:00:00,2,Sm,wind_force_9pm,110,231256,2075,2006
218,Fort Peel River,1863-09-26 21:00:00,1863-09-26 21:00:00,1,Sm,wind_force_9pm,110,231254,2075,2006
219,Fort Peel River,1863-09-27 21:00:00,1863-09-27 21:00:00,1,Sm,wind_force_9pm,110,231251,2075,2006
220,Fort Peel River,1863-09-28 21:00:00,1863-09-28 21:00:00,1,Sm,wind_force_9pm,110,231249,2075,2006
221,Fort Peel River,1863-09-29 21:00:00,1863-09-29 21:00:00,1,Sm,wind_force_9pm,110,231246,2075,2006
222,Fort Peel River,1863-09-30 21:00:00,1863-09-30 21:00:00,1,Sm,wind_force_9pm,110,231244,2075,2006
223,Fort Peel River,1863-11-01 21:00:00,1863-11-01 21:00:00,1,Sm,wind_force_9pm,110,232073,2081,2010
224,Fort Peel River,1863-11-02 21:00:00,1863-11-02 21:00:00,2,Sm,wind_force_9pm,110,232072,2081,2010
225,Fort Peel River,1863-11-03 21:00:00,1863-11-03 21:00:00,1,Sm,wind_force_9pm,110,232071,2081,2010
226,Fort Peel River,1863-11-04 21:00:00,1863-11-04 21:00:00,1,Sm,wind_force_9pm,110,232070,2081,2010
227,Fort Peel River,1863-11-05 21:00:00,1863-11-05 21:00:00,1,Sm,wind_force_9pm,110,232069,2081,2010
228,Fort Peel River,1863-11-06 21:00:00,1863-11-06 21:00:00,1,Sm,wind_force_9pm,110,232068,2081,2010
229,Fort Peel River,1863-11-07 21:00:00,1863-11-07 21:00:00,1,Sm,wind_force_9pm,110,232067,2081,2010
230,Fort Peel River,1863-11-08 21:00:00,1863-11-08 21:00:00,2,Sm,wind_force_9pm,110,232066,2081,2010
231,Fort Peel River,1863-11-09 21:00:00,1863-11-09 21:00:00,1,Sm,wind_force_9pm,110,232065,2081,2010
232,Fort Peel River,1863-11-10 21:00:00,1863-11-10 21:00:00,1,Sm,wind_force_9pm,110,232064,2081,2010
233,Fort Peel River,1863-11-11 21:00:00,1863-11-11 21:00:00,1,Sm,wind_force_9pm,110,232063,2081,2010
234,Fort Peel River,1863-11-12 21:00:00,1863-11-12 21:00:00,1,Sm,wind_force_9pm,110,232062,2081,2010
235,Fort Peel River,1863-11-13 21:00:00,1863-11-13 21:00:00,1,Sm,wind_force_9pm,110,232061,2081,2010
236,Fort Peel River,1863-11-14 21:00:00,1863-11-14 21:00:00,0,Sm,wind_force_9pm,110,232060,2081,2010
237,Fort Peel River,1863-11-15 21:00:00,1863-11-15 21:00:00,1,Sm,wind_force_9pm,110,232059,2081,2010
238,Fort Peel River,1863-11-16 21:00:00,1863-11-16 21:00:00,1,Sm,wind_force_9pm,110,232058,2081,2010
239,Fort Peel River,1863-11-17 21:00:00,1863-11-17 21:00:00,1,Sm,wind_force_9pm,110,232051,2081,2010
240,Fort Peel River,1863-11-18 21:00:00,1863-11-18 21:00:00,1,Sm,wind_force_9pm,110,232049,2081,2010
241,Fort Peel River,1863-11-19 21:00:00,1863-11-19 21:00:00,1,Sm,wind_force_9pm,110,232047,2081,2010
242,Fort Peel River,1863-11-20 21:00:00,1863-11-20 21:00:00,2,Sm,wind_force_9pm,110,232044,2081,2010
243,Fort Peel River,1863-11-21 21:00:00,1863-11-21 21:00:00,2,Sm,wind_force_9pm,110,232041,2081,2010
244,Fort Peel River,1863-11-22 21:00:00,1863-11-22 21:00:00,1,Sm,wind_force_9pm,110,232040,2081,2010
245,Fort Peel River,1863-11-23 21:00:00,1863-11-23 21:00:00,1,Sm,wind_force_9pm,110,232039,2081,2010
246,Fort Peel River,1863-11-24 21:00:00,1863-11-24 21:00:00,2,Sm,wind_force_9pm,110,232037,2081,2010
247,Fort Peel River,1863-11-25 21:00:00,1863-11-25 21:00:00,1,Sm,wind_force_9pm,110,232036,2081,2010
248,Fort Peel River,1863-11-26 21:00:00,1863-11-26 21:00:00,1,Sm,wind_force_9pm,110,232033,2081,2010
249,Fort Peel River,1863-11-27 21:00:00,1863-11-27 21:00:00,1,Sm,wind_force_9pm,110,232030,2081,2010
250,Fort Peel River,1863-11-28 21:00:00,1863-11-28 21:00:00,2,Sm,wind_force_9pm,110,232028,2081,2010
251,Fort Peel River,1863-11-29 21:00:00,1863-11-29 21:00:00,1,Sm,wind_force_9pm,110,232026,2081,2010
252,Fort Peel River,1863-11-30 21:00:00,1863-11-30 21:00:00,1,Sm,wind_force_9pm,110,232002,2081,2010
253,Fort Peel River,1864-01-01 21:00:00,1864-01-01 21:00:00,2,Sm,wind_force_9pm,110,232242,2088,2014
254,Fort Peel River,1864-01-02 21:00:00,1864-01-02 21:00:00,1,Sm,wind_force_9pm,110,232243,2088,2014
255,Fort Peel River,1864-01-03 21:00:00,1864-01-03 21:00:00,1,Sm,wind_force_9pm,110,232244,2088,2014
256,Fort Peel River,1864-01-04 21:00:00,1864-01-04 21:00:00,1,Sm,wind_force_9pm,110,232245,2088,2014
257,Fort Peel River,1864-01-05 21:00:00,1864-01-05 21:00:00,2,Sm,wind_force_9pm,110,232246,2088,2014
258,Fort Peel River,1864-01-06 21:00:00,1864-01-06 21:00:00,1,Sm,wind_force_9pm,110,232247,2088,2014
259,Fort Peel River,1864-01-07 21:00:00,1864-01-07 21:00:00,1,Sm,wind_force_9pm,110,232248,2088,2014
260,Fort Peel River,1864-01-08 21:00:00,1864-01-08 21:00:00,1,Sm,wind_force_9pm,110,232249,2088,2014
261,Fort Peel River,1864-01-09 21:00:00,1864-01-09 21:00:00,2,Sm,wind_force_9pm,110,232250,2088,2014
262,Fort Peel River,1864-01-10 21:00:00,1864-01-10 21:00:00,2,Sm,wind_force_9pm,110,232251,2088,2014
263,Fort Peel River,1864-01-11 21:00:00,1864-01-11 21:00:00,1,Sm,wind_force_9pm,110,232252,2088,2014
264,Fort Peel River,1864-01-12 21:00:00,1864-01-12 21:00:00,1,Sm,wind_force_9pm,110,232253,2088,2014
265,Fort Peel River,1864-01-13 21:00:00,1864-01-13 21:00:00,1,Sm,wind_force_9pm,110,232254,2088,2014
266,Fort Peel River,1864-01-14 21:00:00,1864-01-14 21:00:00,1,Sm,wind_force_9pm,110,232255,2088,2014
267,Fort Peel River,1864-01-15 21:00:00,1864-01-15 21:00:00,1,Sm,wind_force_9pm,110,232256,2088,2014
268,Fort Peel River,1864-01-16 21:00:00,1864-01-16 21:00:00,1,Sm,wind_force_9pm,110,232257,2088,2014
269,Fort Peel River,1864-01-17 21:00:00,1864-01-17 21:00:00,1,Sm,wind_force_9pm,110,232258,2088,2014
270,Fort Peel River,1864-01-18 21:00:00,1864-01-18 21:00:00,2,Sm,wind_force_9pm,110,232259,2088,2014
271,Fort Peel River,1864-01-19 21:00:00,1864-01-19 21:00:00,2,Sm,wind_force_9pm,110,232260,2088,2014
272,Fort Peel River,1864-01-20 21:00:00,1864-01-20 21:00:00,1,Sm,wind_force_9pm,110,232261,2088,2014
273,Fort Peel River,1864-01-21 21:00:00,1864-01-21 21:00:00,1,Sm,wind_force_9pm,110,232262,2088,2014
274,Fort Peel River,1864-01-22 21:00:00,1864-01-22 21:00:00,1,Sm,wind_force_9pm,110,232263,2088,2014
275,Fort Peel River,1864-01-23 21:00:00,1864-01-23 21:00:00,1,Sm,wind_force_9pm,110,232264,2088,2014
276,Fort Peel River,1864-01-24 21:00:00,1864-01-24 21:00:00,1,Sm,wind_force_9pm,110,232265,2088,2014
277,Fort Peel River,1864-01-25 21:00:00,1864-01-25 21:00:00,2,Sm,wind_force_9pm,110,232266,2088,2014
278,Fort Peel River,1864-01-26 21:00:00,1864-01-26 21:00:00,2,Sm,wind_force_9pm,110,232267,2088,2014
279,Fort Peel River,1864-01-27 21:00:00,1864-01-27 21:00:00,0,Sm,wind_force_9pm,110,232268,2088,2014
280,Fort Peel River,1864-01-28 21:00:00,1864-01-28 21:00:00,1,Sm,wind_force_9pm,110,232269,2088,2014
281,Fort Peel River,1864-01-29 21:00:00,1864-01-29 21:00:00,2,Sm,wind_force_9pm,110,232270,2088,2014
282,Fort Peel River,1864-01-30 21:00:00,1864-01-30 21:00:00,1,Sm,wind_force_9pm,110,232271,2088,2014
283,Fort Peel River,1864-01-31 21:00:00,1864-01-31 21:00:00,2,Sm,wind_force_9pm,110,232272,2088,2014
284,Fort Peel River,1864-02-01 21:00:00,1864-02-01 21:00:00,2,Sm,wind_force_9pm,110,231564,2079,2012
285,Fort Peel River,1864-02-02 21:00:00,1864-02-02 21:00:00,1,Sm,wind_force_9pm,110,231567,2079,2012
286,Fort Peel River,1864-02-03 21:00:00,1864-02-03 21:00:00,2,Sm,wind_force_9pm,110,231570,2079,2012
287,Fort Peel River,1864-02-04 21:00:00,1864-02-04 21:00:00,2,Sm,wind_force_9pm,110,231573,2079,2012
288,Fort Peel River,1864-02-05 21:00:00,1864-02-05 21:00:00,1,Sm,wind_force_9pm,110,231579,2079,2012
289,Fort Peel River,1864-02-06 21:00:00,1864-02-06 21:00:00,2,Sm,wind_force_9pm,110,231583,2079,2012
290,Fort Peel River,1864-02-07 21:00:00,1864-02-07 21:00:00,2,Sm,wind_force_9pm,110,231597,2079,2012
291,Fort Peel River,1864-02-08 21:00:00,1864-02-08 21:00:00,1,Sm,wind_force_9pm,110,231598,2079,2012
292,Fort Peel River,1864-02-09 21:00:00,1864-02-09 21:00:00,2,Sm,wind_force_9pm,110,231599,2079,2012
293,Fort Peel River,1864-02-10 21:00:00,1864-02-10 21:00:00,3,Sm,wind_force_9pm,110,231600,2079,2012
294,Fort Peel River,1864-02-11 21:00:00,1864-02-11 21:00:00,3,Sm,wind_force_9pm,110,231601,2079,2012
295,Fort Peel River,1864-02-12 21:00:00,1864-02-12 21:00:00,0,Sm,wind_force_9pm,110,231602,2079,2012
296,Fort Peel River,1864-02-13 21:00:00,1864-02-13 21:00:00,2,Sm,wind_force_9pm,110,231603,2079,2012
297,Fort Peel River,1864-02-14 21:00:00,1864-02-14 21:00:00,1,Sm,wind_force_9pm,110,231604,2079,2012
298,Fort Peel River,1864-02-15 21:00:00,1864-02-15 21:00:00,1,Sm,wind_force_9pm,110,231611,2079,2012
299,Fort Peel River,1864-02-16 21:00:00,1864-02-16 21:00:00,2,Sm,wind_force_9pm,110,231613,2079,2012
300,Fort Peel River,1864-02-17 21:00:00,1864-02-17 21:00:00,1,Sm,wind_force_9pm,110,231618,2079,2012
301,Fort Peel River,1864-02-18 21:00:00,1864-02-18 21:00:00,1,Sm,wind_force_9pm,110,231620,2079,2012
302,Fort Peel River,1864-02-19 21:00:00,1864-02-19 21:00:00,1,Sm,wind_force_9pm,110,231624,2079,2012
303,Fort Peel River,1864-02-20 21:00:00,1864-02-20 21:00:00,2,Sm,wind_force_9pm,110,231625,2079,2012
304,Fort Peel River,1864-02-21 21:00:00,1864-02-21 21:00:00,1,Sm,wind_force_9pm,110,231626,2079,2012
305,Fort Peel River,1864-02-22 21:00:00,1864-02-22 21:00:00,2,Sm,wind_force_9pm,110,231627,2079,2012
306,Fort Peel River,1864-02-23 21:00:00,1864-02-23 21:00:00,3,Sm,wind_force_9pm,110,231628,2079,2012
307,Fort Peel River,1864-02-24 21:00:00,1864-02-24 21:00:00,1,Sm,wind_force_9pm,110,231629,2079,2012
308,Fort Peel River,1864-02-25 21:00:00,1864-02-25 21:00:00,2,Sm,wind_force_9pm,110,231630,2079,2012
309,Fort Peel River,1864-02-26 21:00:00,1864-02-26 21:00:00,2,Sm,wind_force_9pm,110,231631,2079,2012
310,Fort Peel River,1864-02-27 21:00:00,1864-02-27 21:00:00,1,Sm,wind_force_9pm,110,231637,2079,2012
311,Fort Peel River,1864-02-28 21:00:00,1864-02-28 21:00:00,1,Sm,wind_force_9pm,110,231640,2079,2012
312,Fort Peel River,1864-02-29 21:00:00,1864-02-29 21:00:00,1,Sm,wind_force_9pm,110,231643,2079,2012
313,Fort Peel River,1864-03-01 21:00:00,1864-03-01 21:00:00,1,Sm,wind_force_9pm,110,232431,2089,2017
314,Fort Peel River,1864-03-02 21:00:00,1864-03-02 21:00:00,1,Sm,wind_force_9pm,110,232430,2089,2017
315,Fort Peel River,1864-03-03 21:00:00,1864-03-03 21:00:00,1,Sm,wind_force_9pm,110,232429,2089,2017
316,Fort Peel River,1864-03-04 21:00:00,1864-03-04 21:00:00,3,Sm,wind_force_9pm,110,232428,2089,2017
317,Fort Peel River,1864-03-05 21:00:00,1864-03-05 21:00:00,2,Sm,wind_force_9pm,110,232427,2089,2017
318,Fort Peel River,1864-03-06 21:00:00,1864-03-06 21:00:00,1,Sm,wind_force_9pm,110,232426,2089,2017
319,Fort Peel River,1864-03-07 21:00:00,1864-03-07 21:00:00,1,Sm,wind_force_9pm,110,232425,2089,2017
320,Fort Peel River,1864-03-08 21:00:00,1864-03-08 21:00:00,2,Sm,wind_force_9pm,110,232424,2089,2017
321,Fort Peel River,1864-03-09 21:00:00,1864-03-09 21:00:00,3,Sm,wind_force_9pm,110,232423,2089,2017
322,Fort Peel River,1864-03-10 21:00:00,1864-03-10 21:00:00,1,Sm,wind_force_9pm,110,232422,2089,2017
323,Fort Peel River,1864-03-11 21:00:00,1864-03-11 21:00:00,2,Sm,wind_force_9pm,110,232421,2089,2017
324,Fort Peel River,1864-03-12 21:00:00,1864-03-12 21:00:00,1,Sm,wind_force_9pm,110,232420,2089,2017
325,Fort Peel River,1864-03-13 21:00:00,1864-03-13 21:00:00,2,Sm,wind_force_9pm,110,232419,2089,2017
326,Fort Peel River,1864-03-14 21:00:00,1864-03-14 21:00:00,1,Sm,wind_force_9pm,110,232418,2089,2017
327,Fort Peel River,1864-03-15 21:00:00,1864-03-15 21:00:00,1,Sm,wind_force_9pm,110,232417,2089,2017
328,Fort Peel River,1864-03-16 21:00:00,1864-03-16 21:00:00,1,Sm,wind_force_9pm,110,232416,2089,2017
329,Fort Peel River,1864-03-17 21:00:00,1864-03-17 21:00:00,1,Sm,wind_force_9pm,110,232415,2089,2017
330,Fort Peel River,1864-03-18 21:00:00,1864-03-18 21:00:00,2,Sm,wind_force_9pm,110,232414,2089,2017
331,Fort Peel River,1864-03-19 21:00:00,1864-03-19 21:00:00,2,Sm,wind_force_9pm,110,232413,2089,2017
332,Fort Peel River,1864-03-20 21:00:00,1864-03-20 21:00:00,1,Sm,wind_force_9pm,110,232412,2089,2017
333,Fort Peel River,1864-03-21 21:00:00,1864-03-21 21:00:00,2,Sm,wind_force_9pm,110,232411,2089,2017
334,Fort Peel River,1864-03-22 21:00:00,1864-03-22 21:00:00,1,Sm,wind_force_9pm,110,232410,2089,2017
335,Fort Peel River,1864-03-23 21:00:00,1864-03-23 21:00:00,1,Sm,wind_force_9pm,110,232409,2089,2017
336,Fort Peel River,1864-03-24 21:00:00,1864-03-24 21:00:00,1,Sm,wind_force_9pm,110,232408,2089,2017
337,Fort Peel River,1864-03-25 21:00:00,1864-03-25 21:00:00,1,Sm,wind_force_9pm,110,232407,2089,2017
338,Fort Peel River,1864-03-26 21:00:00,1864-03-26 21:00:00,1,Sm,wind_force_9pm,110,232406,2089,2017
339,Fort Peel River,1864-03-27 21:00:00,1864-03-27 21:00:00,1,Sm,wind_force_9pm,110,232405,2089,2017
340,Fort Peel River,1864-03-28 21:00:00,1864-03-28 21:00:00,1,Sm,wind_force_9pm,110,232404,2089,2017
341,Fort Peel River,1864-03-29 21:00:00,1864-03-29 21:00:00,1,Sm,wind_force_9pm,110,232403,2089,2017
342,Fort Peel River,1864-03-30 21:00:00,1864-03-30 21:00:00,1,Sm,wind_force_9pm,110,232402,2089,2017
343,Fort Peel River,1864-03-31 21:00:00,1864-03-31 21:00:00,1,Sm,wind_force_9pm,110,232401,2089,2017
344,Fort Peel River,1864-04-01 21:00:00,1864-04-01 21:00:00,2,Sm,wind_force_9pm,110,232653,2092,2016
345,Fort Peel River,1864-04-02 21:00:00,1864-04-02 21:00:00,2,Sm,wind_force_9pm,110,232652,2092,2016
346,Fort Peel River,1864-04-03 21:00:00,1864-04-03 21:00:00,0,Sm,wind_force_9pm,110,232651,2092,2016
347,Fort Peel River,1864-04-04 21:00:00,1864-04-04 21:00:00,2,Sm,wind_force_9pm,110,232650,2092,2016
348,Fort Peel River,1864-04-05 21:00:00,1864-04-05 21:00:00,1,Sm,wind_force_9pm,110,232649,2092,2016
349,Fort Peel River,1864-04-06 21:00:00,1864-04-06 21:00:00,2,Sm,wind_force_9pm,110,232648,2092,2016
350,Fort Peel River,1864-04-07 21:00:00,1864-04-07 21:00:00,1,Sm,wind_force_9pm,110,232647,2092,2016
351,Fort Peel River,1864-04-08 21:00:00,1864-04-08 21:00:00,2,Sm,wind_force_9pm,110,232646,2092,2016
352,Fort Peel River,1864-04-09 21:00:00,1864-04-09 21:00:00,1,Sm,wind_force_9pm,110,232645,2092,2016
353,Fort Peel River,1864-04-10 21:00:00,1864-04-10 21:00:00,1,Sm,wind_force_9pm,110,232644,2092,2016
354,Fort Peel River,1864-04-11 21:00:00,1864-04-11 21:00:00,1,Sm,wind_force_9pm,110,232643,2092,2016
355,Fort Peel River,1864-04-12 21:00:00,1864-04-12 21:00:00,1,Sm,wind_force_9pm,110,232642,2092,2016
356,Fort Peel River,1864-04-13 21:00:00,1864-04-13 21:00:00,2,Sm,wind_force_9pm,110,232641,2092,2016
357,Fort Peel River,1864-04-14 21:00:00,1864-04-14 21:00:00,4,Sm,wind_force_9pm,110,232640,2092,2016
358,Fort Peel River,1864-04-15 21:00:00,1864-04-15 21:00:00,1,Sm,wind_force_9pm,110,232639,2092,2016
359,Fort Peel River,1864-04-16 21:00:00,1864-04-16 21:00:00,2,Sm,wind_force_9pm,110,232638,2092,2016
360,Fort Peel River,1864-04-17 21:00:00,1864-04-17 21:00:00,1,Sm,wind_force_9pm,110,232637,2092,2016
361,Fort Peel River,1864-04-18 21:00:00,1864-04-18 21:00:00,1,Sm,wind_force_9pm,110,232636,2092,2016
362,Fort Peel River,1864-04-19 21:00:00,1864-04-19 21:00:00,3,Sm,wind_force_9pm,110,232635,2092,2016
363,Fort Peel River,1864-04-20 21:00:00,1864-04-20 21:00:00,1,Sm,wind_force_9pm,110,232634,2092,2016
364,Fort Peel River,1864-04-21 21:00:00,1864-04-21 21:00:00,2,Sm,wind_force_9pm,110,232633,2092,2016
365,Fort Peel River,1864-04-22 21:00:00,1864-04-22 21:00:00,3,Sm,wind_force_9pm,110,232632,2092,2016
366,Fort Peel River,1864-04-23 21:00:00,1864-04-23 21:00:00,1,Sm,wind_force_9pm,110,232631,2092,2016
367,Fort Peel River,1864-04-24 21:00:00,1864-04-24 21:00:00,2,Sm,wind_force_9pm,110,232630,2092,2016
368,Fort Peel River,1864-04-25 21:00:00,1864-04-25 21:00:00,1,Sm,wind_force_9pm,110,232629,2092,2016
369,Fort Peel River,1864-04-26 21:00:00,1864-04-26 21:00:00,2,Sm,wind_force_9pm,110,232628,2092,2016
370,Fort Peel River,1864-04-27 21:00:00,1864-04-27 21:00:00,1,Sm,wind_force_9pm,110,232627,2092,2016
371,Fort Peel River,1864-04-28 21:00:00,1864-04-28 21:00:00,3,Sm,wind_force_9pm,110,232626,2092,2016
372,Fort Peel River,1864-04-29 21:00:00,1864-04-29 21:00:00,1,Sm,wind_force_9pm,110,232625,2092,2016
373,Fort Peel River,1864-04-30 21:00:00,1864-04-30 21:00:00,1,Sm,wind_force_9pm,110,232624,2092,2016
374,Fort Peel River,1864-05-01 21:00:00,1864-05-01 21:00:00,1,Sm,wind_force_9pm,110,232815,2093,2020
375,Fort Peel River,1864-05-02 21:00:00,1864-05-02 21:00:00,1,Sm,wind_force_9pm,110,232814,2093,2020
376,Fort Peel River,1864-05-03 21:00:00,1864-05-03 21:00:00,1,Sm,wind_force_9pm,110,232813,2093,2020
377,Fort Peel River,1864-05-04 21:00:00,1864-05-04 21:00:00,4,Sm,wind_force_9pm,110,232812,2093,2020
378,Fort Peel River,1864-05-05 21:00:00,1864-05-05 21:00:00,1,Sm,wind_force_9pm,110,232811,2093,2020
379,Fort Peel River,1864-05-06 21:00:00,1864-05-06 21:00:00,1,Sm,wind_force_9pm,110,232810,2093,2020
380,Fort Peel River,1864-05-07 21:00:00,1864-05-07 21:00:00,1,Sm,wind_force_9pm,110,232809,2093,2020
381,Fort Peel River,1864-05-08 21:00:00,1864-05-08 21:00:00,2,Sm,wind_force_9pm,110,232808,2093,2020
382,Fort Peel River,1864-05-09 21:00:00,1864-05-09 21:00:00,1,Sm,wind_force_9pm,110,232807,2093,2020
383,Fort Peel River,1864-05-10 21:00:00,1864-05-10 21:00:00,2,Sm,wind_force_9pm,110,232806,2093,2020
384,Fort Peel River,1864-05-11 21:00:00,1864-05-11 21:00:00,2,Sm,wind_force_9pm,110,232805,2093,2020
385,Fort Peel River,1864-05-12 21:00:00,1864-05-12 21:00:00,2,Sm,wind_force_9pm,110,232804,2093,2020
386,Fort Peel River,1864-05-13 21:00:00,1864-05-13 21:00:00,1,Sm,wind_force_9pm,110,232803,2093,2020
387,Fort Peel River,1864-05-14 21:00:00,1864-05-14 21:00:00,1,Sm,wind_force_9pm,110,232802,2093,2020
388,Fort Peel River,1864-05-15 21:00:00,1864-05-15 21:00:00,1,Sm,wind_force_9pm,110,232801,2093,2020
389,Fort Peel River,1864-05-16 21:00:00,1864-05-16 21:00:00,1,Sm,wind_force_9pm,110,232800,2093,2020
390,Fort Peel River,1864-05-17 21:00:00,1864-05-17 21:00:00,1,Sm,wind_force_9pm,110,232799,2093,2020
391,Fort Peel River,1864-05-18 21:00:00,1864-05-18 21:00:00,1,Sm,wind_force_9pm,110,232798,2093,2020
392,Fort Peel River,1864-05-19 21:00:00,1864-05-19 21:00:00,1,Sm,wind_force_9pm,110,232797,2093,2020
393,Fort Peel River,1864-05-20 21:00:00,1864-05-20 21:00:00,2,Sm,wind_force_9pm,110,232796,2093,2020
394,Fort Peel River,1864-05-21 21:00:00,1864-05-21 21:00:00,1,Sm,wind_force_9pm,110,232795,2093,2020
395,Fort Peel River,1864-05-22 21:00:00,1864-05-22 21:00:00,1,Sm,wind_force_9pm,110,232794,2093,2020
396,Fort Peel River,1864-05-23 21:00:00,1864-05-23 21:00:00,1,Sm,wind_force_9pm,110,232793,2093,2020
397,Fort Peel River,1864-05-24 21:00:00,1864-05-24 21:00:00,2,Sm,wind_force_9pm,110,232792,2093,2020
398,Fort Peel River,1864-05-25 21:00:00,1864-05-25 21:00:00,2,Sm,wind_force_9pm,110,232791,2093,2020
399,Fort Peel River,1864-05-26 21:00:00,1864-05-26 21:00:00,1,Sm,wind_force_9pm,110,232790,2093,2020
400,Fort Peel River,1864-05-27 21:00:00,1864-05-27 21:00:00,1,Sm,wind_force_9pm,110,232789,2093,2020
401,Fort Peel River,1864-05-28 21:00:00,1864-05-28 21:00:00,1,Sm,wind_force_9pm,110,232788,2093,2020
402,Fort Peel River,1864-05-29 21:00:00,1864-05-29 21:00:00,1,Sm,wind_force_9pm,110,232787,2093,2020
403,Fort Peel River,1864-05-30 21:00:00,1864-05-30 21:00:00,2,Sm,wind_force_9pm,110,232786,2093,2020
404,Fort Peel River,1864-05-31 21:00:00,1864-05-31 21:00:00,1,Sm,wind_force_9pm,110,232785,2093,2020
405,Fort Peel River,1864-06-01 21:00:00,1864-06-01 21:00:00,3,Sm,wind_force_9pm,110,232942,2094,2021
406,Fort Peel River,1864-06-02 21:00:00,1864-06-02 21:00:00,2,Sm,wind_force_9pm,110,232941,2094,2021
407,Fort Peel River,1864-06-03 21:00:00,1864-06-03 21:00:00,1,Sm,wind_force_9pm,110,232940,2094,2021
408,Fort Peel River,1864-06-04 21:00:00,1864-06-04 21:00:00,3,Sm,wind_force_9pm,110,232939,2094,2021
409,Fort Peel River,1864-06-05 21:00:00,1864-06-05 21:00:00,3,Sm,wind_force_9pm,110,232938,2094,2021
410,Fort Peel River,1864-06-06 21:00:00,1864-06-06 21:00:00,3,Sm,wind_force_9pm,110,232937,2094,2021
411,Fort Peel River,1864-06-07 21:00:00,1864-06-07 21:00:00,3,Sm,wind_force_9pm,110,232936,2094,2021
412,Fort Peel River,1864-06-08 21:00:00,1864-06-08 21:00:00,1,Sm,wind_force_9pm,110,232935,2094,2021
413,Fort Peel River,1864-06-09 21:00:00,1864-06-09 21:00:00,1,Sm,wind_force_9pm,110,232934,2094,2021
414,Fort Peel River,1864-06-10 21:00:00,1864-06-10 21:00:00,2,Sm,wind_force_9pm,110,232933,2094,2021
415,Fort Peel River,1864-06-11 21:00:00,1864-06-11 21:00:00,1,Sm,wind_force_9pm,110,232932,2094,2021
416,Fort Peel River,1864-06-12 21:00:00,1864-06-12 21:00:00,0,Sm,wind_force_9pm,110,232931,2094,2021
417,Fort Peel River,1864-06-13 21:00:00,1864-06-13 21:00:00,3,Sm,wind_force_9pm,110,232930,2094,2021
418,Fort Peel River,1864-06-14 21:00:00,1864-06-14 21:00:00,1,Sm,wind_force_9pm,110,232929,2094,2021
419,Fort Peel River,1864-06-15 21:00:00,1864-06-15 21:00:00,1,Sm,wind_force_9pm,110,232928,2094,2021
420,Fort Peel River,1864-06-16 21:00:00,1864-06-16 21:00:00,1,Sm,wind_force_9pm,110,232927,2094,2021
421,Fort Peel River,1864-06-17 21:00:00,1864-06-17 21:00:00,1,Sm,wind_force_9pm,110,232926,2094,2021
422,Fort Peel River,1864-06-18 21:00:00,1864-06-18 21:00:00,2,Sm,wind_force_9pm,110,232925,2094,2021
423,Fort Peel River,1864-06-19 21:00:00,1864-06-19 21:00:00,1,Sm,wind_force_9pm,110,232924,2094,2021
424,Fort Peel River,1864-06-27 21:00:00,1864-06-27 21:00:00,1,Sm,wind_force_9pm,110,232923,2094,2021
425,Fort Peel River,1864-06-28 21:00:00,1864-06-28 21:00:00,2,Sm,wind_force_9pm,110,232922,2094,2021
426,Fort Peel River,1864-06-29 21:00:00,1864-06-29 21:00:00,4,Sm,wind_force_9pm,110,232921,2094,2021
427,Fort Peel River,1864-06-30 21:00:00,1864-06-30 21:00:00,2,Sm,wind_force_9pm,110,232920,2094,2021
428,Fort Peel River,1864-07-01 21:00:00,1864-07-01 21:00:00,0,Sm,wind_force_9pm,110,233144,2084,2024
429,Fort Peel River,1864-07-02 21:00:00,1864-07-02 21:00:00,2,Sm,wind_force_9pm,110,233145,2084,2024
430,Fort Peel River,1864-07-03 21:00:00,1864-07-03 21:00:00,3,Sm,wind_force_9pm,110,233146,2084,2024
431,Fort Peel River,1864-07-04 21:00:00,1864-07-04 21:00:00,3,Sm,wind_force_9pm,110,233147,2084,2024
432,Fort Peel River,1864-07-05 21:00:00,1864-07-05 21:00:00,1,Sm,wind_force_9pm,110,233148,2084,2024
433,Fort Peel River,1864-07-06 21:00:00,1864-07-06 21:00:00,2,Sm,wind_force_9pm,110,233149,2084,2024
434,Fort Peel River,1864-07-07 21:00:00,1864-07-07 21:00:00,1,Sm,wind_force_9pm,110,233151,2084,2024
435,Fort Peel River,1864-07-08 21:00:00,1864-07-08 21:00:00,1,Sm,wind_force_9pm,110,233152,2084,2024
436,Fort Peel River,1864-07-09 21:00:00,1864-07-09 21:00:00,2,Sm,wind_force_9pm,110,233153,2084,2024
437,Fort Peel River,1864-07-10 21:00:00,1864-07-10 21:00:00,3,Sm,wind_force_9pm,110,233154,2084,2024
438,Fort Peel River,1864-07-11 21:00:00,1864-07-11 21:00:00,1,Sm,wind_force_9pm,110,233155,2084,2024
439,Fort Peel River,1864-07-12 21:00:00,1864-07-12 21:00:00,1,Sm,wind_force_9pm,110,233156,2084,2024
440,Fort Peel River,1864-07-13 21:00:00,1864-07-13 21:00:00,1,Sm,wind_force_9pm,110,233158,2084,2024
441,Fort Peel River,1864-07-14 21:00:00,1864-07-14 21:00:00,1,Sm,wind_force_9pm,110,233159,2084,2024
442,Fort Peel River,1864-07-15 21:00:00,1864-07-15 21:00:00,2,Sm,wind_force_9pm,110,233160,2084,2024
443,Fort Peel River,1864-07-16 21:00:00,1864-07-16 21:00:00,2,Sm,wind_force_9pm,110,233162,2084,2024
444,Fort Peel River,1864-07-17 21:00:00,1864-07-17 21:00:00,1,Sm,wind_force_9pm,110,233163,2084,2024
445,Fort Peel River,1864-07-18 21:00:00,1864-07-18 21:00:00,1,Sm,wind_force_9pm,110,233164,2084,2024
446,Fort Peel River,1864-07-19 21:00:00,1864-07-19 21:00:00,1,Sm,wind_force_9pm,110,233165,2084,2024
447,Fort Peel River,1864-07-20 21:00:00,1864-07-20 21:00:00,1,Sm,wind_force_9pm,110,233167,2084,2024
448,Fort Peel River,1864-07-21 21:00:00,1864-07-21 21:00:00,1,Sm,wind_force_9pm,110,233168,2084,2024
449,Fort Peel River,1864-07-22 21:00:00,1864-07-22 21:00:00,1,Sm,wind_force_9pm,110,233170,2084,2024
450,Fort Peel River,1864-07-23 21:00:00,1864-07-23 21:00:00,3,Sm,wind_force_9pm,110,233171,2084,2024
451,Fort Peel River,1864-07-24 21:00:00,1864-07-24 21:00:00,1,Sm,wind_force_9pm,110,233173,2084,2024
452,Fort Peel River,1864-07-25 21:00:00,1864-07-25 21:00:00,1,Sm,wind_force_9pm,110,233174,2084,2024
453,Fort Peel River,1864-07-26 21:00:00,1864-07-26 21:00:00,1,Sm,wind_force_9pm,110,233175,2084,2024
454,Fort Peel River,1864-07-27 21:00:00,1864-07-27 21:00:00,2,Sm,wind_force_9pm,110,233176,2084,2024
455,Fort Peel River,1864-07-28 21:00:00,1864-07-28 21:00:00,1,Sm,wind_force_9pm,110,233177,2084,2024
456,Fort Peel River,1864-07-29 21:00:00,1864-07-29 21:00:00,1,Sm,wind_force_9pm,110,233178,2084,2024
457,Fort Peel River,1864-07-30 21:00:00,1864-07-30 21:00:00,1,Sm,wind_force_9pm,110,233179,2084,2024
458,Fort Peel River,1864-07-31 21:00:00,1864-07-31 21:00:00,1,Sm,wind_force_9pm,110,233180,2084,2024
459,Fort Peel River,1864-09-10 21:00:00,1864-09-10 21:00:00,2,Sm,wind_force_9pm,110,230639,2070,2026
460,Fort Peel River,1864-09-11 21:00:00,1864-09-11 21:00:00,2,Sm,wind_force_9pm,110,230640,2070,2026
461,Fort Peel River,1864-09-12 21:00:00,1864-09-12 21:00:00,2,Sm,wind_force_9pm,110,230641,2070,2026
462,Fort Peel River,1864-09-13 21:00:00,1864-09-13 21:00:00,3,Sm,wind_force_9pm,110,230642,2070,2026
463,Fort Peel River,1864-09-14 21:00:00,1864-09-14 21:00:00,1,Sm,wind_force_9pm,110,230643,2070,2026
464,Fort Peel River,1864-09-15 21:00:00,1864-09-15 21:00:00,3,Sm,wind_force_9pm,110,230644,2070,2026
465,Fort Peel River,1864-09-16 21:00:00,1864-09-16 21:00:00,1,Sm,wind_force_9pm,110,230645,2070,2026
466,Fort Peel River,1864-09-17 21:00:00,1864-09-17 21:00:00,1,Sm,wind_force_9pm,110,230646,2070,2026
467,Fort Peel River,1864-09-18 21:00:00,1864-09-18 21:00:00,1,Sm,wind_force_9pm,110,230647,2070,2026
468,Fort Peel River,1864-09-19 21:00:00,1864-09-19 21:00:00,1,Sm,wind_force_9pm,110,230648,2070,2026
469,Fort Peel River,1864-09-20 21:00:00,1864-09-20 21:00:00,1,Sm,wind_force_9pm,110,230649,2070,2026
470,Fort Peel River,1864-09-21 21:00:00,1864-09-21 21:00:00,1,Sm,wind_force_9pm,110,230650,2070,2026
471,Fort Peel River,1864-09-22 21:00:00,1864-09-22 21:00:00,1,Sm,wind_force_9pm,110,230651,2070,2026
472,Fort Peel River,1864-09-23 21:00:00,1864-09-23 21:00:00,1,Sm,wind_force_9pm,110,230652,2070,2026
473,Fort Peel River,1864-09-24 21:00:00,1864-09-24 21:00:00,2,Sm,wind_force_9pm,110,230653,2070,2026
474,Fort Peel River,1864-09-25 21:00:00,1864-09-25 21:00:00,1,Sm,wind_force_9pm,110,230654,2070,2026
475,Fort Peel River,1864-09-26 21:00:00,1864-09-26 21:00:00,1,Sm,wind_force_9pm,110,230655,2070,2026
476,Fort Peel River,1864-09-27 21:00:00,1864-09-27 21:00:00,1,Sm,wind_force_9pm,110,230656,2070,2026
477,Fort Peel River,1864-09-28 21:00:00,1864-09-28 21:00:00,1,Sm,wind_force_9pm,110,230657,2070,2026
478,Fort Peel River,1864-09-29 21:00:00,1864-09-29 21:00:00,1,Sm,wind_force_9pm,110,230658,2070,2026
479,Fort Peel River,1864-09-30 21:00:00,1864-09-30 21:00:00,3,Sm,wind_force_9pm,110,230659,2070,2026
480,Fort Peel River,1864-10-01 21:00:00,1864-10-01 21:00:00,2,Sm,wind_force_9pm,110,233132,2095,2028
481,Fort Peel River,1864-10-02 21:00:00,1864-10-02 21:00:00,2,Sm,wind_force_9pm,110,233111,2095,2028
482,Fort Peel River,1864-10-03 21:00:00,1864-10-03 21:00:00,2,Sm,wind_force_9pm,110,233109,2095,2028
483,Fort Peel River,1864-10-04 21:00:00,1864-10-04 21:00:00,1,Sm,wind_force_9pm,110,233107,2095,2028
484,Fort Peel River,1864-10-05 21:00:00,1864-10-05 21:00:00,1,Sm,wind_force_9pm,110,233106,2095,2028
485,Fort Peel River,1864-10-06 21:00:00,1864-10-06 21:00:00,2,Sm,wind_force_9pm,110,233105,2095,2028
486,Fort Peel River,1864-10-07 21:00:00,1864-10-07 21:00:00,2,Sm,wind_force_9pm,110,233104,2095,2028
487,Fort Peel River,1864-10-08 21:00:00,1864-10-08 21:00:00,2,Sm,wind_force_9pm,110,233103,2095,2028
488,Fort Peel River,1864-10-09 21:00:00,1864-10-09 21:00:00,1,Sm,wind_force_9pm,110,233102,2095,2028
489,Fort Peel River,1864-10-10 21:00:00,1864-10-10 21:00:00,1,Sm,wind_force_9pm,110,233101,2095,2028
490,Fort Peel River,1864-10-11 21:00:00,1864-10-11 21:00:00,1,Sm,wind_force_9pm,110,233100,2095,2028
491,Fort Peel River,1864-10-12 21:00:00,1864-10-12 21:00:00,2,Sm,wind_force_9pm,110,233099,2095,2028
492,Fort Peel River,1864-10-13 21:00:00,1864-10-13 21:00:00,1,Sm,wind_force_9pm,110,233098,2095,2028
493,Fort Peel River,1864-10-14 21:00:00,1864-10-14 21:00:00,1,Sm,wind_force_9pm,110,233097,2095,2028
494,Fort Peel River,1864-10-15 21:00:00,1864-10-15 21:00:00,1,Sm,wind_force_9pm,110,233096,2095,2028
495,Fort Peel River,1864-10-16 21:00:00,1864-10-16 21:00:00,1,Sm,wind_force_9pm,110,233095,2095,2028
496,Fort Peel River,1864-10-17 21:00:00,1864-10-17 21:00:00,1,Sm,wind_force_9pm,110,233094,2095,2028
497,Fort Peel River,1864-10-18 21:00:00,1864-10-18 21:00:00,2,Sm,wind_force_9pm,110,233093,2095,2028
498,Fort Peel River,1864-10-19 21:00:00,1864-10-19 21:00:00,2,Sm,wind_force_9pm,110,233092,2095,2028
499,Fort Peel River,1864-10-20 21:00:00,1864-10-20 21:00:00,2,Sm,wind_force_9pm,110,233091,2095,2028
500,Fort Peel River,1864-10-21 21:00:00,1864-10-21 21:00:00,2,Sm,wind_force_9pm,110,233090,2095,2028
501,Fort Peel River,1864-10-22 21:00:00,1864-10-22 21:00:00,2,Sm,wind_force_9pm,110,233089,2095,2028
502,Fort Peel River,1864-10-23 21:00:00,1864-10-23 21:00:00,1,Sm,wind_force_9pm,110,233088,2095,2028
503,Fort Peel River,1864-10-24 21:00:00,1864-10-24 21:00:00,1,Sm,wind_force_9pm,110,233087,2095,2028
504,Fort Peel River,1864-10-25 21:00:00,1864-10-25 21:00:00,1,Sm,wind_force_9pm,110,233086,2095,2028
505,Fort Peel River,1864-10-26 21:00:00,1864-10-26 21:00:00,2,Sm,wind_force_9pm,110,233085,2095,2028
506,Fort Peel River,1864-10-27 21:00:00,1864-10-27 21:00:00,2,Sm,wind_force_9pm,110,233084,2095,2028
507,Fort Peel River,1864-10-28 21:00:00,1864-10-28 21:00:00,1,Sm,wind_force_9pm,110,233083,2095,2028
508,Fort Peel River,1864-10-29 21:00:00,1864-10-29 21:00:00,1,Sm,wind_force_9pm,110,233082,2095,2028
509,Fort Peel River,1864-10-30 21:00:00,1864-10-30 21:00:00,1,Sm,wind_force_9pm,110,233081,2095,2028
510,Fort Peel River,1864-10-31 21:00:00,1864-10-31 21:00:00,1,Sm,wind_force_9pm,110,233080,2095,2028
511,,1864-11-01 21:00:00,1864-11-01 21:00:00,-888,Sm,wind_force_9pm,110,238293,2135,2063
512,,1864-11-02 21:00:00,1864-11-02 21:00:00,-888,Sm,wind_force_9pm,110,238294,2135,2063
513,,1864-11-03 21:00:00,1864-11-03 21:00:00,1,Sm,wind_force_9pm,110,238295,2135,2063
514,,1864-11-04 21:00:00,1864-11-04 21:00:00,1,Sm,wind_force_9pm,110,238296,2135,2063
515,,1864-11-05 21:00:00,1864-11-05 21:00:00,1,Sm,wind_force_9pm,110,238297,2135,2063
516,,1864-11-06 21:00:00,1864-11-06 21:00:00,2,Sm,wind_force_9pm,110,238298,2135,2063
517,,1864-11-07 21:00:00,1864-11-07 21:00:00,2,Sm,wind_force_9pm,110,238300,2135,2063
518,,1864-11-08 21:00:00,1864-11-08 21:00:00,2,Sm,wind_force_9pm,110,238301,2135,2063
519,,1864-11-09 21:00:00,1864-11-09 21:00:00,1,Sm,wind_force_9pm,110,238302,2135,2063
520,,1864-11-10 21:00:00,1864-11-10 21:00:00,1,Sm,wind_force_9pm,110,238303,2135,2063
521,,1864-11-11 21:00:00,1864-11-11 21:00:00,1,Sm,wind_force_9pm,110,238304,2135,2063
522,,1864-11-12 21:00:00,1864-11-12 21:00:00,1,Sm,wind_force_9pm,110,238305,2135,2063
523,,1864-11-13 21:00:00,1864-11-13 21:00:00,1,Sm,wind_force_9pm,110,238306,2135,2063
524,,1864-11-14 21:00:00,1864-11-14 21:00:00,1,Sm,wind_force_9pm,110,238307,2135,2063
525,,1864-11-15 21:00:00,1864-11-15 21:00:00,1,Sm,wind_force_9pm,110,238308,2135,2063
526,,1864-11-16 21:00:00,1864-11-16 21:00:00,1,Sm,wind_force_9pm,110,238309,2135,2063
527,,1864-11-17 21:00:00,1864-11-17 21:00:00,1,Sm,wind_force_9pm,110,238310,2135,2063
528,,1864-11-18 21:00:00,1864-11-18 21:00:00,1,Sm,wind_force_9pm,110,238311,2135,2063
529,,1864-11-19 21:00:00,1864-11-19 21:00:00,1,Sm,wind_force_9pm,110,238312,2135,2063
530,,1864-11-20 21:00:00,1864-11-20 21:00:00,2,Sm,wind_force_9pm,110,238313,2135,2063
531,,1864-11-21 21:00:00,1864-11-21 21:00:00,1,Sm,wind_force_9pm,110,238314,2135,2063
532,,1864-11-22 21:00:00,1864-11-22 21:00:00,1,Sm,wind_force_9pm,110,238315,2135,2063
533,,1864-11-23 21:00:00,1864-11-23 21:00:00,1,Sm,wind_force_9pm,110,238316,2135,2063
534,,1864-11-24 21:00:00,1864-11-24 21:00:00,1,Sm,wind_force_9pm,110,238317,2135,2063
535,,1864-11-25 21:00:00,1864-11-25 21:00:00,4,Sm,wind_force_9pm,110,238318,2135,2063
536,,1864-11-26 21:00:00,1864-11-26 21:00:00,3,Sm,wind_force_9pm,110,238319,2135,2063
537,,1864-11-27 21:00:00,1864-11-27 21:00:00,1,Sm,wind_force_9pm,110,238320,2135,2063
538,,1864-11-28 21:00:00,1864-11-28 21:00:00,1,Sm,wind_force_9pm,110,238321,2135,2063
539,,1864-11-29 21:00:00,1864-11-29 21:00:00,1,Sm,wind_force_9pm,110,238322,2135,2063
540,,1864-11-30 21:00:00,1864-11-30 21:00:00,1,Sm,wind_force_9pm,110,238323,2135,2063
541,Fort Peel River,1864-12-01 21:00:00,1864-12-01 21:00:00,1,Sm,wind_force_9pm,110,233757,2101,2032
542,Fort Peel River,1864-12-02 21:00:00,1864-12-02 21:00:00,1,Sm,wind_force_9pm,110,233756,2101,2032
543,Fort Peel River,1864-12-03 21:00:00,1864-12-03 21:00:00,1,Sm,wind_force_9pm,110,233743,2101,2032
544,Fort Peel River,1864-12-04 21:00:00,1864-12-04 21:00:00,1,Sm,wind_force_9pm,110,233740,2101,2032
545,Fort Peel River,1864-12-05 21:00:00,1864-12-05 21:00:00,1,Sm,wind_force_9pm,110,233737,2101,2032
546,Fort Peel River,1864-12-06 21:00:00,1864-12-06 21:00:00,1,Sm,wind_force_9pm,110,233734,2101,2032
547,Fort Peel River,1864-12-07 21:00:00,1864-12-07 21:00:00,1,Sm,wind_force_9pm,110,233731,2101,2032
548,Fort Peel River,1864-12-08 21:00:00,1864-12-08 21:00:00,1,Sm,wind_force_9pm,110,233729,2101,2032
549,Fort Peel River,1864-12-09 21:00:00,1864-12-09 21:00:00,1,Sm,wind_force_9pm,110,233712,2101,2032
550,Fort Peel River,1864-12-10 21:00:00,1864-12-10 21:00:00,1,Sm,wind_force_9pm,110,233710,2101,2032
551,Fort Peel River,1864-12-11 21:00:00,1864-12-11 21:00:00,1,Sm,wind_force_9pm,110,233709,2101,2032
552,Fort Peel River,1864-12-12 21:00:00,1864-12-12 21:00:00,1,Sm,wind_force_9pm,110,233706,2101,2032
553,Fort Peel River,1864-12-13 21:00:00,1864-12-13 21:00:00,1,Sm,wind_force_9pm,110,233703,2101,2032
554,Fort Peel River,1864-12-14 21:00:00,1864-12-14 21:00:00,1,Sm,wind_force_9pm,110,233698,2101,2032
555,Fort Peel River,1864-12-15 21:00:00,1864-12-15 21:00:00,1,Sm,wind_force_9pm,110,233695,2101,2032
556,Fort Peel River,1864-12-16 21:00:00,1864-12-16 21:00:00,1,Sm,wind_force_9pm,110,233692,2101,2032
557,Fort Peel River,1864-12-17 21:00:00,1864-12-17 21:00:00,2,Sm,wind_force_9pm,110,233690,2101,2032
558,Fort Peel River,1864-12-18 21:00:00,1864-12-18 21:00:00,1,Sm,wind_force_9pm,110,233687,2101,2032
559,Fort Peel River,1864-12-19 21:00:00,1864-12-19 21:00:00,1,Sm,wind_force_9pm,110,233685,2101,2032
560,Fort Peel River,1864-12-20 21:00:00,1864-12-20 21:00:00,2,Sm,wind_force_9pm,110,233682,2101,2032
561,Fort Peel River,1864-12-21 21:00:00,1864-12-21 21:00:00,2,Sm,wind_force_9pm,110,233680,2101,2032
562,Fort Peel River,1864-12-22 21:00:00,1864-12-22 21:00:00,2,Sm,wind_force_9pm,110,233678,2101,2032
563,Fort Peel River,1864-12-23 21:00:00,1864-12-23 21:00:00,2,Sm,wind_force_9pm,110,233677,2101,2032
564,Fort Peel River,1864-12-24 21:00:00,1864-12-24 21:00:00,3,Sm,wind_force_9pm,110,233674,2101,2032
565,Fort Peel River,1864-12-25 21:00:00,1864-12-25 21:00:00,3,Sm,wind_force_9pm,110,233671,2101,2032
566,Fort Peel River,1864-12-26 21:00:00,1864-12-26 21:00:00,2,Sm,wind_force_9pm,110,233670,2101,2032
567,Fort Peel River,1864-12-27 21:00:00,1864-12-27 21:00:00,2,Sm,wind_force_9pm,110,233667,2101,2032
568,Fort Peel River,1864-12-28 21:00:00,1864-12-28 21:00:00,2,Sm,wind_force_9pm,110,233664,2101,2032
569,Fort Peel River,1864-12-29 21:00:00,1864-12-29 21:00:00,1,Sm,wind_force_9pm,110,233662,2101,2032
570,Fort Peel River,1864-12-30 21:00:00,1864-12-30 21:00:00,2,Sm,wind_force_9pm,110,233659,2101,2032
571,Fort Peel River,1864-12-31 21:00:00,1864-12-31 21:00:00,1,Sm,wind_force_9pm,110,233657,2101,2032
572,Fort Peel River,1865-01-01 21:00:00,1865-01-01 21:00:00,1,Sm,wind_force_9pm,110,233918,2103,2034
573,Fort Peel River,1865-01-02 21:00:00,1865-01-02 21:00:00,2,Sm,wind_force_9pm,110,233917,2103,2034
574,Fort Peel River,1865-01-03 21:00:00,1865-01-03 21:00:00,1,Sm,wind_force_9pm,110,233916,2103,2034
575,Fort Peel River,1865-01-04 21:00:00,1865-01-04 21:00:00,1,Sm,wind_force_9pm,110,233915,2103,2034
576,Fort Peel River,1865-01-05 21:00:00,1865-01-05 21:00:00,1,Sm,wind_force_9pm,110,233914,2103,2034
577,Fort Peel River,1865-01-06 21:00:00,1865-01-06 21:00:00,1,Sm,wind_force_9pm,110,233913,2103,2034
578,Fort Peel River,1865-01-07 21:00:00,1865-01-07 21:00:00,1,Sm,wind_force_9pm,110,233912,2103,2034
579,Fort Peel River,1865-01-08 21:00:00,1865-01-08 21:00:00,1,Sm,wind_force_9pm,110,233911,2103,2034
580,Fort Peel River,1865-01-09 21:00:00,1865-01-09 21:00:00,1,Sm,wind_force_9pm,110,233910,2103,2034
581,Fort Peel River,1865-01-10 21:00:00,1865-01-10 21:00:00,1,Sm,wind_force_9pm,110,233909,2103,2034
582,Fort Peel River,1865-01-11 21:00:00,1865-01-11 21:00:00,1,Sm,wind_force_9pm,110,233908,2103,2034
583,Fort Peel River,1865-01-12 21:00:00,1865-01-12 21:00:00,1,Sm,wind_force_9pm,110,233907,2103,2034
584,Fort Peel River,1865-01-13 21:00:00,1865-01-13 21:00:00,1,Sm,wind_force_9pm,110,233906,2103,2034
585,Fort Peel River,1865-01-14 21:00:00,1865-01-14 21:00:00,1,Sm,wind_force_9pm,110,233905,2103,2034
586,Fort Peel River,1865-01-15 21:00:00,1865-01-15 21:00:00,2,Sm,wind_force_9pm,110,233904,2103,2034
587,Fort Peel River,1865-01-16 21:00:00,1865-01-16 21:00:00,2,Sm,wind_force_9pm,110,233903,2103,2034
588,Fort Peel River,1865-01-17 21:00:00,1865-01-17 21:00:00,1,Sm,wind_force_9pm,110,233902,2103,2034
589,Fort Peel River,1865-01-18 21:00:00,1865-01-18 21:00:00,1,Sm,wind_force_9pm,110,233901,2103,2034
590,Fort Peel River,1865-01-19 21:00:00,1865-01-19 21:00:00,1,Sm,wind_force_9pm,110,233900,2103,2034
591,Fort Peel River,1865-01-20 21:00:00,1865-01-20 21:00:00,1,Sm,wind_force_9pm,110,233899,2103,2034
592,Fort Peel River,1865-01-21 21:00:00,1865-01-21 21:00:00,1,Sm,wind_force_9pm,110,233898,2103,2034
593,Fort Peel River,1865-01-22 21:00:00,1865-01-22 21:00:00,1,Sm,wind_force_9pm,110,233897,2103,2034
594,Fort Peel River,1865-01-23 21:00:00,1865-01-23 21:00:00,1,Sm,wind_force_9pm,110,233896,2103,2034
595,Fort Peel River,1865-01-24 21:00:00,1865-01-24 21:00:00,1,Sm,wind_force_9pm,110,233895,2103,2034
596,Fort Peel River,1865-01-25 21:00:00,1865-01-25 21:00:00,1,Sm,wind_force_9pm,110,233894,2103,2034
597,Fort Peel River,1865-01-26 21:00:00,1865-01-26 21:00:00,1,Sm,wind_force_9pm,110,233893,2103,2034
598,Fort Peel River,1865-01-27 21:00:00,1865-01-27 21:00:00,1,Sm,wind_force_9pm,110,233892,2103,2034
599,Fort Peel River,1865-01-28 21:00:00,1865-01-28 21:00:00,1,Sm,wind_force_9pm,110,233891,2103,2034
600,Fort Peel River,1865-01-29 21:00:00,1865-01-29 21:00:00,1,Sm,wind_force_9pm,110,233890,2103,2034
601,Fort Peel River,1865-01-30 21:00:00,1865-01-30 21:00:00,7,Sm,wind_force_9pm,110,233889,2103,2034
602,Fort Peel River,1865-01-31 21:00:00,1865-01-31 21:00:00,1,Sm,wind_force_9pm,110,233888,2103,2034
603,Fort Peel River,1865-02-01 21:00:00,1865-02-01 21:00:00,1,Sm,wind_force_9pm,110,234126,2106,2037
604,Fort Peel River,1865-02-02 21:00:00,1865-02-02 21:00:00,1,Sm,wind_force_9pm,110,234127,2106,2037
605,Fort Peel River,1865-02-03 21:00:00,1865-02-03 21:00:00,1,Sm,wind_force_9pm,110,234128,2106,2037
606,Fort Peel River,1865-02-04 21:00:00,1865-02-04 21:00:00,1,Sm,wind_force_9pm,110,234129,2106,2037
607,Fort Peel River,1865-02-05 21:00:00,1865-02-05 21:00:00,1,Sm,wind_force_9pm,110,234130,2106,2037
608,Fort Peel River,1865-02-06 21:00:00,1865-02-06 21:00:00,1,Sm,wind_force_9pm,110,234131,2106,2037
609,Fort Peel River,1865-02-07 21:00:00,1865-02-07 21:00:00,1,Sm,wind_force_9pm,110,234132,2106,2037
610,Fort Peel River,1865-02-08 21:00:00,1865-02-08 21:00:00,2,Sm,wind_force_9pm,110,234133,2106,2037
611,Fort Peel River,1865-02-09 21:00:00,1865-02-09 21:00:00,1,Sm,wind_force_9pm,110,234134,2106,2037
612,Fort Peel River,1865-02-10 21:00:00,1865-02-10 21:00:00,1,Sm,wind_force_9pm,110,234135,2106,2037
613,Fort Peel River,1865-02-11 21:00:00,1865-02-11 21:00:00,1,Sm,wind_force_9pm,110,234136,2106,2037
614,Fort Peel River,1865-02-12 21:00:00,1865-02-12 21:00:00,2,Sm,wind_force_9pm,110,234137,2106,2037
615,Fort Peel River,1865-02-13 21:00:00,1865-02-13 21:00:00,3,Sm,wind_force_9pm,110,234138,2106,2037
616,Fort Peel River,1865-02-14 21:00:00,1865-02-14 21:00:00,1,Sm,wind_force_9pm,110,234139,2106,2037
617,Fort Peel River,1865-02-15 21:00:00,1865-02-15 21:00:00,1,Sm,wind_force_9pm,110,234140,2106,2037
618,Fort Peel River,1865-02-16 21:00:00,1865-02-16 21:00:00,1,Sm,wind_force_9pm,110,234141,2106,2037
619,Fort Peel River,1865-02-17 21:00:00,1865-02-17 21:00:00,1,Sm,wind_force_9pm,110,234142,2106,2037
620,Fort Peel River,1865-02-18 21:00:00,1865-02-18 21:00:00,1,Sm,wind_force_9pm,110,234143,2106,2037
621,Fort Peel River,1865-02-19 21:00:00,1865-02-19 21:00:00,1,Sm,wind_force_9pm,110,234144,2106,2037
622,Fort Peel River,1865-02-20 21:00:00,1865-02-20 21:00:00,1,Sm,wind_force_9pm,110,234145,2106,2037
623,Fort Peel River,1865-02-21 21:00:00,1865-02-21 21:00:00,1,Sm,wind_force_9pm,110,234146,2106,2037
624,Fort Peel River,1865-02-22 21:00:00,1865-02-22 21:00:00,3,Sm,wind_force_9pm,110,234147,2106,2037
625,Fort Peel River,1865-02-23 21:00:00,1865-02-23 21:00:00,2,Sm,wind_force_9pm,110,234148,2106,2037
626,Fort Peel River,1865-02-24 21:00:00,1865-02-24 21:00:00,1,Sm,wind_force_9pm,110,234149,2106,2037
627,Fort Peel River,1865-02-25 21:00:00,1865-02-25 21:00:00,0,Sm,wind_force_9pm,110,234150,2106,2037
628,Fort Peel River,1865-02-26 21:00:00,1865-02-26 21:00:00,1,Sm,wind_force_9pm,110,234151,2106,2037
629,Fort Peel River,1865-02-27 21:00:00,1865-02-27 21:00:00,1,Sm,wind_force_9pm,110,234152,2106,2037
630,Fort Peel River,1865-02-28 21:00:00,1865-02-28 21:00:00,1,Sm,wind_force_9pm,110,234153,2106,2037
631,Fort Peel River,1865-03-01 21:00:00,1865-03-01 21:00:00,2,Sm,wind_force_9pm,110,234302,2107,2038
632,Fort Peel River,1865-03-02 21:00:00,1865-03-02 21:00:00,2,Sm,wind_force_9pm,110,234303,2107,2038
633,Fort Peel River,1865-03-03 21:00:00,1865-03-03 21:00:00,1,Sm,wind_force_9pm,110,234304,2107,2038
634,Fort Peel River,1865-03-04 21:00:00,1865-03-04 21:00:00,1,Sm,wind_force_9pm,110,234305,2107,2038
635,Fort Peel River,1865-03-05 21:00:00,1865-03-05 21:00:00,1,Sm,wind_force_9pm,110,234306,2107,2038
636,Fort Peel River,1865-03-06 21:00:00,1865-03-06 21:00:00,1,Sm,wind_force_9pm,110,234307,2107,2038
637,Fort Peel River,1865-03-07 21:00:00,1865-03-07 21:00:00,0,Sm,wind_force_9pm,110,234308,2107,2038
638,Fort Peel River,1865-03-08 21:00:00,1865-03-08 21:00:00,1,Sm,wind_force_9pm,110,234309,2107,2038
639,Fort Peel River,1865-03-09 21:00:00,1865-03-09 21:00:00,1,Sm,wind_force_9pm,110,234310,2107,2038
640,Fort Peel River,1865-03-10 21:00:00,1865-03-10 21:00:00,0,Sm,wind_force_9pm,110,234311,2107,2038
641,Fort Peel River,1865-03-11 21:00:00,1865-03-11 21:00:00,1,Sm,wind_force_9pm,110,234312,2107,2038
642,Fort Peel River,1865-03-12 21:00:00,1865-03-12 21:00:00,1,Sm,wind_force_9pm,110,234313,2107,2038
643,Fort Peel River,1865-03-13 21:00:00,1865-03-13 21:00:00,1,Sm,wind_force_9pm,110,234314,2107,2038
644,Fort Peel River,1865-03-14 21:00:00,1865-03-14 21:00:00,1,Sm,wind_force_9pm,110,234315,2107,2038
645,Fort Peel River,1865-03-15 21:00:00,1865-03-15 21:00:00,1,Sm,wind_force_9pm,110,234316,2107,2038
646,Fort Peel River,1865-03-16 21:00:00,1865-03-16 21:00:00,1,Sm,wind_force_9pm,110,234317,2107,2038
647,Fort Peel River,1865-03-17 21:00:00,1865-03-17 21:00:00,2,Sm,wind_force_9pm,110,234318,2107,2038
648,Fort Peel River,1865-03-18 21:00:00,1865-03-18 21:00:00,1,Sm,wind_force_9pm,110,234319,2107,2038
649,Fort Peel River,1865-03-19 21:00:00,1865-03-19 21:00:00,2,Sm,wind_force_9pm,110,234320,2107,2038
650,Fort Peel River,1865-03-20 21:00:00,1865-03-20 21:00:00,1,Sm,wind_force_9pm,110,234321,2107,2038
651,Fort Peel River,1865-03-21 21:00:00,1865-03-21 21:00:00,-999,Sm,wind_force_9pm,110,234322,2107,2038
652,Fort Peel River,1865-03-22 21:00:00,1865-03-22 21:00:00,-999,Sm,wind_force_9pm,110,234323,2107,2038
653,Fort Peel River,1865-03-23 21:00:00,1865-03-23 21:00:00,-999,Sm,wind_force_9pm,110,234324,2107,2038
654,Fort Peel River,1865-03-24 21:00:00,1865-03-24 21:00:00,-999,Sm,wind_force_9pm,110,234325,2107,2038
655,Fort Peel River,1865-03-25 21:00:00,1865-03-25 21:00:00,-999,Sm,wind_force_9pm,110,234326,2107,2038
656,Fort Peel River,1865-03-26 21:00:00,1865-03-26 21:00:00,-999,Sm,wind_force_9pm,110,234327,2107,2038
657,Fort Peel River,1865-03-27 21:00:00,1865-03-27 21:00:00,1,Sm,wind_force_9pm,110,234328,2107,2038
658,Fort Peel River,1865-03-28 21:00:00,1865-03-28 21:00:00,1,Sm,wind_force_9pm,110,234329,2107,2038
659,Fort Peel River,1865-03-29 21:00:00,1865-03-29 21:00:00,1,Sm,wind_force_9pm,110,234330,2107,2038
660,Fort Peel River,1865-03-30 21:00:00,1865-03-30 21:00:00,1,Sm,wind_force_9pm,110,234331,2107,2038
661,Fort Peel River,1865-03-31 21:00:00,1865-03-31 21:00:00,1,Sm,wind_force_9pm,110,234332,2107,2038
662,Fort Peel River,1865-04-01 21:00:00,1865-04-01 21:00:00,1,Sm,wind_force_9pm,110,233928,2105,2041
663,Fort Peel River,1865-04-02 21:00:00,1865-04-02 21:00:00,1,Sm,wind_force_9pm,110,233935,2105,2041
664,Fort Peel River,1865-04-03 21:00:00,1865-04-03 21:00:00,1,Sm,wind_force_9pm,110,233942,2105,2041
665,Fort Peel River,1865-04-04 21:00:00,1865-04-04 21:00:00,1,Sm,wind_force_9pm,110,233948,2105,2041
666,Fort Peel River,1865-04-05 21:00:00,1865-04-05 21:00:00,1,Sm,wind_force_9pm,110,233954,2105,2041
667,Fort Peel River,1865-04-06 21:00:00,1865-04-06 21:00:00,2,Sm,wind_force_9pm,110,233961,2105,2041
668,Fort Peel River,1865-04-07 21:00:00,1865-04-07 21:00:00,1,Sm,wind_force_9pm,110,233967,2105,2041
669,Fort Peel River,1865-04-08 21:00:00,1865-04-08 21:00:00,1,Sm,wind_force_9pm,110,233974,2105,2041
670,Fort Peel River,1865-04-09 21:00:00,1865-04-09 21:00:00,1,Sm,wind_force_9pm,110,233980,2105,2041
671,Fort Peel River,1865-04-10 21:00:00,1865-04-10 21:00:00,1,Sm,wind_force_9pm,110,233986,2105,2041
672,Fort Peel River,1865-04-11 21:00:00,1865-04-11 21:00:00,1,Sm,wind_force_9pm,110,233992,2105,2041
673,Fort Peel River,1865-04-12 21:00:00,1865-04-12 21:00:00,2,Sm,wind_force_9pm,110,233999,2105,2041
674,Fort Peel River,1865-04-13 21:00:00,1865-04-13 21:00:00,1,Sm,wind_force_9pm,110,234006,2105,2041
675,Fort Peel River,1865-04-14 21:00:00,1865-04-14 21:00:00,1,Sm,wind_force_9pm,110,234012,2105,2041
676,Fort Peel River,1865-04-15 21:00:00,1865-04-15 21:00:00,1,Sm,wind_force_9pm,110,234018,2105,2041
677,Fort Peel River,1865-04-16 21:00:00,1865-04-16 21:00:00,2,Sm,wind_force_9pm,110,234024,2105,2041
678,Fort Peel River,1865-04-17 21:00:00,1865-04-17 21:00:00,2,Sm,wind_force_9pm,110,234030,2105,2041
679,Fort Peel River,1865-04-18 21:00:00,1865-04-18 21:00:00,1,Sm,wind_force_9pm,110,234036,2105,2041
680,Fort Peel River,1865-04-19 21:00:00,1865-04-19 21:00:00,-888,Sm,wind_force_9pm,110,234043,2105,2041
681,Fort Peel River,1865-04-20 21:00:00,1865-04-20 21:00:00,2,Sm,wind_force_9pm,110,234049,2105,2041
682,Fort Peel River,1865-04-21 21:00:00,1865-04-21 21:00:00,1,Sm,wind_force_9pm,110,234055,2105,2041
683,Fort Peel River,1865-04-22 21:00:00,1865-04-22 21:00:00,1,Sm,wind_force_9pm,110,234061,2105,2041
684,Fort Peel River,1865-04-23 21:00:00,1865-04-23 21:00:00,1,Sm,wind_force_9pm,110,234067,2105,2041
685,Fort Peel River,1865-04-24 21:00:00,1865-04-24 21:00:00,2,Sm,wind_force_9pm,110,236148,2105,2041
686,Fort Peel River,1865-04-25 21:00:00,1865-04-25 21:00:00,1,Sm,wind_force_9pm,110,236161,2105,2041
687,Fort Peel River,1865-04-26 21:00:00,1865-04-26 21:00:00,1,Sm,wind_force_9pm,110,236171,2105,2041
688,Fort Peel River,1865-04-27 21:00:00,1865-04-27 21:00:00,1,Sm,wind_force_9pm,110,236185,2105,2041
689,Fort Peel River,1865-04-28 21:00:00,1865-04-28 21:00:00,1,Sm,wind_force_9pm,110,236197,2105,2041
690,Fort Peel River,1865-04-29 21:00:00,1865-04-29 21:00:00,1,Sm,wind_force_9pm,110,236211,2105,2041
691,Fort Peel River,1865-04-30 21:00:00,1865-04-30 21:00:00,1,Sm,wind_force_9pm,110,236224,2105,2041
692,Fort Peel River,1865-05-03 21:00:00,1865-05-03 21:00:00,0,Sm,wind_force_9pm,110,234615,2108,2040
693,Fort Peel River,1865-06-01 21:00:00,1865-06-01 21:00:00,0,Sm,wind_force_9pm,110,234913,2109,2043
694,Fort Peel River,1865-06-02 21:00:00,1865-06-02 21:00:00,1,Sm,wind_force_9pm,110,234912,2109,2043
695,Fort Peel River,1865-06-03 21:00:00,1865-06-03 21:00:00,1,Sm,wind_force_9pm,110,234911,2109,2043
696,Fort Peel River,1865-06-04 21:00:00,1865-06-04 21:00:00,1,Sm,wind_force_9pm,110,234910,2109,2043
697,Fort Peel River,1865-06-05 21:00:00,1865-06-05 21:00:00,2,Sm,wind_force_9pm,110,234909,2109,2043
698,Fort Peel River,1865-06-06 21:00:00,1865-06-06 21:00:00,2,Sm,wind_force_9pm,110,234908,2109,2043
699,Fort Peel River,1865-06-07 21:00:00,1865-06-07 21:00:00,1,Sm,wind_force_9pm,110,234907,2109,2043
700,Fort Peel River,1865-06-08 21:00:00,1865-06-08 21:00:00,1,Sm,wind_force_9pm,110,234906,2109,2043
701,Fort Peel River,1865-06-09 21:00:00,1865-06-09 21:00:00,1,Sm,wind_force_9pm,110,234905,2109,2043
702,Fort Peel River,1865-06-10 21:00:00,1865-06-10 21:00:00,1,Sm,wind_force_9pm,110,234904,2109,2043
703,Fort Peel River,1865-06-11 21:00:00,1865-06-11 21:00:00,2,Sm,wind_force_9pm,110,234903,2109,2043
704,Fort Peel River,1865-06-12 21:00:00,1865-06-12 21:00:00,1,Sm,wind_force_9pm,110,234902,2109,2043
705,Fort Peel River,1865-06-13 21:00:00,1865-06-13 21:00:00,1,Sm,wind_force_9pm,110,234901,2109,2043
706,Fort Peel River,1865-06-14 21:00:00,1865-06-14 21:00:00,1,Sm,wind_force_9pm,110,234900,2109,2043
707,Fort Peel River,1865-06-15 21:00:00,1865-06-15 21:00:00,1,Sm,wind_force_9pm,110,234899,2109,2043
708,Fort Peel River,1865-06-16 21:00:00,1865-06-16 21:00:00,1,Sm,wind_force_9pm,110,234898,2109,2043
709,Fort Peel River,1865-06-17 21:00:00,1865-06-17 21:00:00,1,Sm,wind_force_9pm,110,234894,2109,2043
710,Fort Peel River,1865-06-18 21:00:00,1865-06-18 21:00:00,1,Sm,wind_force_9pm,110,234891,2109,2043
711,Fort Peel River,1865-06-19 21:00:00,1865-06-19 21:00:00,1,Sm,wind_force_9pm,110,234888,2109,2043
712,Fort Peel River,1865-06-20 21:00:00,1865-06-20 21:00:00,1,Sm,wind_force_9pm,110,234886,2109,2043
713,Fort Peel River,1865-06-21 21:00:00,1865-06-21 21:00:00,1,Sm,wind_force_9pm,110,234883,2109,2043
714,Fort Peel River,1865-06-22 21:00:00,1865-06-22 21:00:00,1,Sm,wind_force_9pm,110,234881,2109,2043
715,Fort Peel River,1865-06-23 21:00:00,1865-06-23 21:00:00,3,Sm,wind_force_9pm,110,234879,2109,2043
716,Fort Peel River,1865-06-24 21:00:00,1865-06-24 21:00:00,1,Sm,wind_force_9pm,110,234867,2109,2043
717,Fort Peel River,1865-06-25 21:00:00,1865-06-25 21:00:00,1,Sm,wind_force_9pm,110,234864,2109,2043
718,Fort Peel River,1865-06-26 21:00:00,1865-06-26 21:00:00,1,Sm,wind_force_9pm,110,234859,2109,2043
719,Fort Peel River,1865-06-27 21:00:00,1865-06-27 21:00:00,0,Sm,wind_force_9pm,110,234842,2109,2043
720,Fort Peel River,1865-06-28 21:00:00,1865-06-28 21:00:00,2,Sm,wind_force_9pm,110,234841,2109,2043
721,Fort Peel River,1865-06-29 21:00:00,1865-06-29 21:00:00,2,Sm,wind_force_9pm,110,234839,2109,2043
722,Fort Peel River,1865-06-30 21:00:00,1865-06-30 21:00:00,1,Sm,wind_force_9pm,110,234837,2109,2043
723,Fort Peel River,1865-07-01 21:00:00,1865-07-01 21:00:00,1,Sm,wind_force_9pm,110,235109,2110,2046
724,Fort Peel River,1865-07-02 21:00:00,1865-07-02 21:00:00,1,Sm,wind_force_9pm,110,235108,2110,2046
725,Fort Peel River,1865-07-03 21:00:00,1865-07-03 21:00:00,1,Sm,wind_force_9pm,110,235107,2110,2046
726,Fort Peel River,1865-07-04 21:00:00,1865-07-04 21:00:00,3,Sm,wind_force_9pm,110,235106,2110,2046
727,Fort Peel River,1865-07-05 21:00:00,1865-07-05 21:00:00,2,Sm,wind_force_9pm,110,235105,2110,2046
728,Fort Peel River,1865-07-06 21:00:00,1865-07-06 21:00:00,1,Sm,wind_force_9pm,110,235104,2110,2046
729,Fort Peel River,1865-07-07 21:00:00,1865-07-07 21:00:00,2,Sm,wind_force_9pm,110,235103,2110,2046
730,Fort Peel River,1865-07-08 21:00:00,1865-07-08 21:00:00,2,Sm,wind_force_9pm,110,235101,2110,2046
731,Fort Peel River,1865-07-09 21:00:00,1865-07-09 21:00:00,4,Sm,wind_force_9pm,110,235100,2110,2046
732,Fort Peel River,1865-07-10 21:00:00,1865-07-10 21:00:00,1,Sm,wind_force_9pm,110,235098,2110,2046
733,Fort Peel River,1865-07-11 21:00:00,1865-07-11 21:00:00,1,Sm,wind_force_9pm,110,235097,2110,2046
734,Fort Peel River,1865-07-12 21:00:00,1865-07-12 21:00:00,1,Sm,wind_force_9pm,110,235096,2110,2046
735,Fort Peel River,1865-07-13 21:00:00,1865-07-13 21:00:00,1,Sm,wind_force_9pm,110,235095,2110,2046
736,Fort Peel River,1865-07-14 21:00:00,1865-07-14 21:00:00,2,Sm,wind_force_9pm,110,235094,2110,2046
737,Fort Peel River,1865-07-15 21:00:00,1865-07-15 21:00:00,1,Sm,wind_force_9pm,110,235089,2110,2046
738,Fort Peel River,1865-07-16 21:00:00,1865-07-16 21:00:00,1,Sm,wind_force_9pm,110,235087,2110,2046
739,Fort Peel River,1865-07-17 21:00:00,1865-07-17 21:00:00,2,Sm,wind_force_9pm,110,235085,2110,2046
740,Fort Peel River,1865-07-18 21:00:00,1865-07-18 21:00:00,1,Sm,wind_force_9pm,110,235083,2110,2046
741,Fort Peel River,1865-07-19 21:00:00,1865-07-19 21:00:00,1,Sm,wind_force_9pm,110,235081,2110,2046
742,Fort Peel River,1865-07-20 21:00:00,1865-07-20 21:00:00,1,Sm,wind_force_9pm,110,235079,2110,2046
743,Fort Peel River,1865-07-21 21:00:00,1865-07-21 21:00:00,2,Sm,wind_force_9pm,110,235077,2110,2046
744,Fort Peel River,1865-07-22 21:00:00,1865-07-22 21:00:00,1,Sm,wind_force_9pm,110,235070,2110,2046
745,Fort Peel River,1865-07-23 21:00:00,1865-07-23 21:00:00,1,Sm,wind_force_9pm,110,235069,2110,2046
746,Fort Peel River,1865-07-24 21:00:00,1865-07-24 21:00:00,1,Sm,wind_force_9pm,110,235067,2110,2046
747,Fort Peel River,1865-07-25 21:00:00,1865-07-25 21:00:00,1,Sm,wind_force_9pm,110,235065,2110,2046
748,Fort Peel River,1865-07-26 21:00:00,1865-07-26 21:00:00,2,Sm,wind_force_9pm,110,235063,2110,2046
749,Fort Peel River,1865-07-27 21:00:00,1865-07-27 21:00:00,1,Sm,wind_force_9pm,110,235061,2110,2046
750,Fort Peel River,1865-07-28 21:00:00,1865-07-28 21:00:00,1,Sm,wind_force_9pm,110,235060,2110,2046
751,Fort Peel River,1865-07-29 21:00:00,1865-07-29 21:00:00,1,Sm,wind_force_9pm,110,235059,2110,2046
752,Fort Peel River,1865-07-30 21:00:00,1865-07-30 21:00:00,1,Sm,wind_force_9pm,110,235058,2110,2046
753,Fort Peel River,1865-07-31 21:00:00,1865-07-31 21:00:00,1,Sm,wind_force_9pm,110,235057,2110,2046
754,Fort Peel River,1865-09-01 21:00:00,1865-09-01 21:00:00,2,Sm,wind_force_9pm,110,235396,2111,2045
755,Fort Peel River,1865-09-02 21:00:00,1865-09-02 21:00:00,1,Sm,wind_force_9pm,110,235397,2111,2045
756,Fort Peel River,1865-09-03 21:00:00,1865-09-03 21:00:00,1,Sm,wind_force_9pm,110,235398,2111,2045
757,Fort Peel River,1865-09-04 21:00:00,1865-09-04 21:00:00,3,Sm,wind_force_9pm,110,235399,2111,2045
758,Fort Peel River,1865-09-05 21:00:00,1865-09-05 21:00:00,2,Sm,wind_force_9pm,110,235400,2111,2045
759,Fort Peel River,1865-09-06 21:00:00,1865-09-06 21:00:00,1,Sm,wind_force_9pm,110,235401,2111,2045
760,Fort Peel River,1865-09-07 21:00:00,1865-09-07 21:00:00,1,Sm,wind_force_9pm,110,235402,2111,2045
761,Fort Peel River,1865-09-08 21:00:00,1865-09-08 21:00:00,1,Sm,wind_force_9pm,110,235403,2111,2045
762,Fort Peel River,1865-09-09 21:00:00,1865-09-09 21:00:00,1,Sm,wind_force_9pm,110,235404,2111,2045
763,Fort Peel River,1865-09-10 21:00:00,1865-09-10 21:00:00,2,Sm,wind_force_9pm,110,235405,2111,2045
764,Fort Peel River,1865-09-11 21:00:00,1865-09-11 21:00:00,4,Sm,wind_force_9pm,110,235406,2111,2045
765,Fort Peel River,1865-09-12 21:00:00,1865-09-12 21:00:00,1,Sm,wind_force_9pm,110,235407,2111,2045
766,Fort Peel River,1865-09-13 21:00:00,1865-09-13 21:00:00,1,Sm,wind_force_9pm,110,235408,2111,2045
767,Fort Peel River,1865-09-14 21:00:00,1865-09-14 21:00:00,1,Sm,wind_force_9pm,110,235409,2111,2045
768,Fort Peel River,1865-09-15 21:00:00,1865-09-15 21:00:00,1,Sm,wind_force_9pm,110,235410,2111,2045
769,Fort Peel River,1865-09-16 21:00:00,1865-09-16 21:00:00,1,Sm,wind_force_9pm,110,235411,2111,2045
770,Fort Peel River,1865-09-17 21:00:00,1865-09-17 21:00:00,2,Sm,wind_force_9pm,110,235412,2111,2045
771,Fort Peel River,1865-09-18 21:00:00,1865-09-18 21:00:00,1,Sm,wind_force_9pm,110,235413,2111,2045
772,Fort Peel River,1865-09-19 21:00:00,1865-09-19 21:00:00,1,Sm,wind_force_9pm,110,235414,2111,2045
773,Fort Peel River,1865-09-20 21:00:00,1865-09-20 21:00:00,1,Sm,wind_force_9pm,110,235415,2111,2045
774,Fort Peel River,1865-09-21 21:00:00,1865-09-21 21:00:00,0,Sm,wind_force_9pm,110,235416,2111,2045
775,Fort Peel River,1865-09-22 21:00:00,1865-09-22 21:00:00,1,Sm,wind_force_9pm,110,235417,2111,2045
776,Fort Peel River,1865-09-23 21:00:00,1865-09-23 21:00:00,1,Sm,wind_force_9pm,110,235418,2111,2045
777,Fort Peel River,1865-09-24 21:00:00,1865-09-24 21:00:00,2,Sm,wind_force_9pm,110,235419,2111,2045
778,Fort Peel River,1865-09-25 21:00:00,1865-09-25 21:00:00,1,Sm,wind_force_9pm,110,235420,2111,2045
779,Fort Peel River,1865-09-26 21:00:00,1865-09-26 21:00:00,1,Sm,wind_force_9pm,110,235421,2111,2045
780,Fort Peel River,1865-09-27 21:00:00,1865-09-27 21:00:00,2,Sm,wind_force_9pm,110,235422,2111,2045
781,Fort Peel River,1865-09-28 21:00:00,1865-09-28 21:00:00,2,Sm,wind_force_9pm,110,235423,2111,2045
782,Fort Peel River,1865-09-29 21:00:00,1865-09-29 21:00:00,2,Sm,wind_force_9pm,110,235424,2111,2045
783,Fort Peel River,1865-09-30 21:00:00,1865-09-30 21:00:00,1,Sm,wind_force_9pm,110,235425,2111,2045
784,Fort Peel River,1865-10-01 21:00:00,1865-10-01 21:00:00,1,Sm,wind_force_9pm,110,235344,2112,2049
785,Fort Peel River,1865-10-02 21:00:00,1865-10-02 21:00:00,1,Sm,wind_force_9pm,110,235341,2112,2049
786,Fort Peel River,1865-10-03 21:00:00,1865-10-03 21:00:00,1,Sm,wind_force_9pm,110,235339,2112,2049
787,Fort Peel River,1865-10-04 21:00:00,1865-10-04 21:00:00,1,Sm,wind_force_9pm,110,235337,2112,2049
788,Fort Peel River,1865-10-05 21:00:00,1865-10-05 21:00:00,1,Sm,wind_force_9pm,110,235334,2112,2049
789,Fort Peel River,1865-10-06 21:00:00,1865-10-06 21:00:00,1,Sm,wind_force_9pm,110,235332,2112,2049
790,Fort Peel River,1865-10-07 21:00:00,1865-10-07 21:00:00,1,Sm,wind_force_9pm,110,235330,2112,2049
791,Fort Peel River,1865-10-08 21:00:00,1865-10-08 21:00:00,2,Sm,wind_force_9pm,110,235327,2112,2049
792,Fort Peel River,1865-10-09 21:00:00,1865-10-09 21:00:00,1,Sm,wind_force_9pm,110,235324,2112,2049
793,Fort Peel River,1865-10-10 21:00:00,1865-10-10 21:00:00,1,Sm,wind_force_9pm,110,235322,2112,2049
794,Fort Peel River,1865-10-11 21:00:00,1865-10-11 21:00:00,1,Sm,wind_force_9pm,110,235319,2112,2049
795,Fort Peel River,1865-10-12 21:00:00,1865-10-12 21:00:00,1,Sm,wind_force_9pm,110,235317,2112,2049
796,Fort Peel River,1865-10-13 21:00:00,1865-10-13 21:00:00,1,Sm,wind_force_9pm,110,235316,2112,2049
797,Fort Peel River,1865-10-14 21:00:00,1865-10-14 21:00:00,1,Sm,wind_force_9pm,110,235314,2112,2049
798,Fort Peel River,1865-10-15 21:00:00,1865-10-15 21:00:00,1,Sm,wind_force_9pm,110,235313,2112,2049
799,Fort Peel River,1865-10-16 21:00:00,1865-10-16 21:00:00,2,Sm,wind_force_9pm,110,235312,2112,2049
800,Fort Peel River,1865-10-17 21:00:00,1865-10-17 21:00:00,2,Sm,wind_force_9pm,110,235310,2112,2049
801,Fort Peel River,1865-10-18 21:00:00,1865-10-18 21:00:00,2,Sm,wind_force_9pm,110,235309,2112,2049
802,Fort Peel River,1865-10-19 21:00:00,1865-10-19 21:00:00,2,Sm,wind_force_9pm,110,235308,2112,2049
803,Fort Peel River,1865-10-20 21:00:00,1865-10-20 21:00:00,2,Sm,wind_force_9pm,110,235304,2112,2049
804,Fort Peel River,1865-10-21 21:00:00,1865-10-21 21:00:00,1,Sm,wind_force_9pm,110,235303,2112,2049
805,Fort Peel River,1865-10-22 21:00:00,1865-10-22 21:00:00,1,Sm,wind_force_9pm,110,235301,2112,2049
806,Fort Peel River,1865-10-23 21:00:00,1865-10-23 21:00:00,1,Sm,wind_force_9pm,110,235297,2112,2049
807,Fort Peel River,1865-10-24 21:00:00,1865-10-24 21:00:00,1,Sm,wind_force_9pm,110,235295,2112,2049
808,Fort Peel River,1865-10-25 21:00:00,1865-10-25 21:00:00,1,Sm,wind_force_9pm,110,235294,2112,2049
809,Fort Peel River,1865-10-26 21:00:00,1865-10-26 21:00:00,2,Sm,wind_force_9pm,110,235293,2112,2049
810,Fort Peel River,1865-10-27 21:00:00,1865-10-27 21:00:00,1,Sm,wind_force_9pm,110,235290,2112,2049
811,Fort Peel River,1865-10-28 21:00:00,1865-10-28 21:00:00,1,Sm,wind_force_9pm,110,235287,2112,2049
812,Fort Peel River,1865-10-29 21:00:00,1865-10-29 21:00:00,1,Sm,wind_force_9pm,110,235285,2112,2049
813,Fort Peel River,1865-10-30 21:00:00,1865-10-30 21:00:00,1,Sm,wind_force_9pm,110,235283,2112,2049
814,Fort Peel River,1865-10-31 21:00:00,1865-10-31 21:00:00,1,Sm,wind_force_9pm,110,235281,2112,2049
815,Fort Peel River,1865-11-01 21:00:00,1865-11-01 21:00:00,2,Sm,wind_force_9pm,110,237052,2113,2052
816,Fort Peel River,1865-11-02 21:00:00,1865-11-02 21:00:00,1,Sm,wind_force_9pm,110,237053,2113,2052
817,Fort Peel River,1865-11-03 21:00:00,1865-11-03 21:00:00,3,Sm,wind_force_9pm,110,237054,2113,2052
818,Fort Peel River,1865-11-04 21:00:00,1865-11-04 21:00:00,3,Sm,wind_force_9pm,110,237055,2113,2052
819,Fort Peel River,1865-11-05 21:00:00,1865-11-05 21:00:00,1,Sm,wind_force_9pm,110,237057,2113,2052
820,Fort Peel River,1865-11-06 21:00:00,1865-11-06 21:00:00,3,Sm,wind_force_9pm,110,237059,2113,2052
821,Fort Peel River,1865-11-07 21:00:00,1865-11-07 21:00:00,1,Sm,wind_force_9pm,110,237060,2113,2052
822,Fort Peel River,1865-11-08 21:00:00,1865-11-08 21:00:00,1,Sm,wind_force_9pm,110,237061,2113,2052
823,Fort Peel River,1865-11-09 21:00:00,1865-11-09 21:00:00,1,Sm,wind_force_9pm,110,237063,2113,2052
824,Fort Peel River,1865-11-10 21:00:00,1865-11-10 21:00:00,1,Sm,wind_force_9pm,110,237065,2113,2052
825,Fort Peel River,1865-11-11 21:00:00,1865-11-11 21:00:00,1,Sm,wind_force_9pm,110,237067,2113,2052
826,Fort Peel River,1865-11-12 21:00:00,1865-11-12 21:00:00,4,Sm,wind_force_9pm,110,237068,2113,2052
827,Fort Peel River,1865-11-13 21:00:00,1865-11-13 21:00:00,2,Sm,wind_force_9pm,110,237069,2113,2052
828,Fort Peel River,1865-11-14 21:00:00,1865-11-14 21:00:00,2,Sm,wind_force_9pm,110,237072,2113,2052
829,Fort Peel River,1865-11-15 21:00:00,1865-11-15 21:00:00,1,Sm,wind_force_9pm,110,237076,2113,2052
830,Fort Peel River,1865-11-16 21:00:00,1865-11-16 21:00:00,1,Sm,wind_force_9pm,110,237077,2113,2052
831,Fort Peel River,1865-11-17 21:00:00,1865-11-17 21:00:00,1,Sm,wind_force_9pm,110,237078,2113,2052
832,Fort Peel River,1865-11-18 21:00:00,1865-11-18 21:00:00,2,Sm,wind_force_9pm,110,237079,2113,2052
833,Fort Peel River,1865-11-19 21:00:00,1865-11-19 21:00:00,3,Sm,wind_force_9pm,110,237080,2113,2052
834,Fort Peel River,1865-11-20 21:00:00,1865-11-20 21:00:00,1,Sm,wind_force_9pm,110,237081,2113,2052
835,Fort Peel River,1865-11-21 21:00:00,1865-11-21 21:00:00,1,Sm,wind_force_9pm,110,237082,2113,2052
836,Fort Peel River,1865-11-22 21:00:00,1865-11-22 21:00:00,1,Sm,wind_force_9pm,110,237083,2113,2052
837,Fort Peel River,1865-11-23 21:00:00,1865-11-23 21:00:00,1,Sm,wind_force_9pm,110,237084,2113,2052
838,Fort Peel River,1865-11-24 21:00:00,1865-11-24 21:00:00,1,Sm,wind_force_9pm,110,237086,2113,2052
839,Fort Peel River,1865-11-25 21:00:00,1865-11-25 21:00:00,1,Sm,wind_force_9pm,110,237089,2113,2052
840,Fort Peel River,1865-11-26 21:00:00,1865-11-26 21:00:00,1,Sm,wind_force_9pm,110,237092,2113,2052
841,Fort Peel River,1865-11-27 21:00:00,1865-11-27 21:00:00,3,Sm,wind_force_9pm,110,237095,2113,2052
842,Fort Peel River,1865-11-28 21:00:00,1865-11-28 21:00:00,1,Sm,wind_force_9pm,110,237096,2113,2052
843,Fort Peel River,1865-11-29 21:00:00,1865-11-29 21:00:00,2,Sm,wind_force_9pm,110,237097,2113,2052
844,Fort Peel River,1865-11-30 21:00:00,1865-11-30 21:00:00,1,Sm,wind_force_9pm,110,237100,2113,2052
845,Fort Peel River,1865-12-01 21:00:00,1865-12-01 21:00:00,1,Sm,wind_force_9pm,110,236244,2114,2051
846,Fort Peel River,1865-12-02 21:00:00,1865-12-02 21:00:00,2,Sm,wind_force_9pm,110,236245,2114,2051
847,Fort Peel River,1865-12-03 21:00:00,1865-12-03 21:00:00,1,Sm,wind_force_9pm,110,236246,2114,2051
848,Fort Peel River,1865-12-04 21:00:00,1865-12-04 21:00:00,1,Sm,wind_force_9pm,110,236247,2114,2051
849,Fort Peel River,1865-12-05 21:00:00,1865-12-05 21:00:00,1,Sm,wind_force_9pm,110,236248,2114,2051
850,Fort Peel River,1865-12-06 21:00:00,1865-12-06 21:00:00,1,Sm,wind_force_9pm,110,236249,2114,2051
851,Fort Peel River,1865-12-07 21:00:00,1865-12-07 21:00:00,2,Sm,wind_force_9pm,110,236250,2114,2051
852,Fort Peel River,1865-12-08 21:00:00,1865-12-08 21:00:00,2,Sm,wind_force_9pm,110,236251,2114,2051
853,Fort Peel River,1865-12-09 21:00:00,1865-12-09 21:00:00,2,Sm,wind_force_9pm,110,236252,2114,2051
854,Fort Peel River,1865-12-10 21:00:00,1865-12-10 21:00:00,2,Sm,wind_force_9pm,110,236253,2114,2051
855,Fort Peel River,1865-12-11 21:00:00,1865-12-11 21:00:00,3,Sm,wind_force_9pm,110,236254,2114,2051
856,Fort Peel River,1865-12-12 21:00:00,1865-12-12 21:00:00,2,Sm,wind_force_9pm,110,236255,2114,2051
857,Fort Peel River,1865-12-13 21:00:00,1865-12-13 21:00:00,2,Sm,wind_force_9pm,110,236256,2114,2051
858,Fort Peel River,1865-12-14 21:00:00,1865-12-14 21:00:00,2,Sm,wind_force_9pm,110,236257,2114,2051
859,Fort Peel River,1865-12-15 21:00:00,1865-12-15 21:00:00,1,Sm,wind_force_9pm,110,236258,2114,2051
860,Fort Peel River,1865-12-16 21:00:00,1865-12-16 21:00:00,1,Sm,wind_force_9pm,110,236259,2114,2051
861,Fort Peel River,1865-12-17 21:00:00,1865-12-17 21:00:00,1,Sm,wind_force_9pm,110,236260,2114,2051
862,Fort Peel River,1865-12-18 21:00:00,1865-12-18 21:00:00,1,Sm,wind_force_9pm,110,236261,2114,2051
863,Fort Peel River,1865-12-19 21:00:00,1865-12-19 21:00:00,1,Sm,wind_force_9pm,110,236262,2114,2051
864,Fort Peel River,1865-12-20 21:00:00,1865-12-20 21:00:00,3,Sm,wind_force_9pm,110,236263,2114,2051
865,Fort Peel River,1865-12-21 21:00:00,1865-12-21 21:00:00,1,Sm,wind_force_9pm,110,236264,2114,2051
866,Fort Peel River,1865-12-22 21:00:00,1865-12-22 21:00:00,1,Sm,wind_force_9pm,110,236265,2114,2051
867,Fort Peel River,1865-12-23 21:00:00,1865-12-23 21:00:00,1,Sm,wind_force_9pm,110,236266,2114,2051
868,Fort Peel River,1865-12-24 21:00:00,1865-12-24 21:00:00,1,Sm,wind_force_9pm,110,236267,2114,2051
869,Fort Peel River,1865-12-25 21:00:00,1865-12-25 21:00:00,1,Sm,wind_force_9pm,110,236268,2114,2051
870,Fort Peel River,1865-12-26 21:00:00,1865-12-26 21:00:00,1,Sm,wind_force_9pm,110,236269,2114,2051
871,Fort Peel River,1865-12-27 21:00:00,1865-12-27 21:00:00,1,Sm,wind_force_9pm,110,236270,2114,2051
872,Fort Peel River,1865-12-28 21:00:00,1865-12-28 21:00:00,1,Sm,wind_force_9pm,110,236271,2114,2051
873,Fort Peel River,1865-12-29 21:00:00,1865-12-29 21:00:00,1,Sm,wind_force_9pm,110,236272,2114,2051
874,Fort Peel River,1865-12-30 21:00:00,1865-12-30 21:00:00,1,Sm,wind_force_9pm,110,236273,2114,2051
875,Fort Peel River,1865-12-31 21:00:00,1865-12-31 21:00:00,1,Sm,wind_force_9pm,110,236274,2114,2051
876,Fort Peel River,1865-11-01 14:00:00,1865-11-01 14:00:00,2,Sm,wind_force_2pm,109,237052,2113,2052
877,Fort Peel River,1865-11-02 14:00:00,1865-11-02 14:00:00,1,Sm,wind_force_2pm,109,237053,2113,2052
878,Fort Peel River,1865-11-03 14:00:00,1865-11-03 14:00:00,1,Sm,wind_force_2pm,109,237054,2113,2052
879,Fort Peel River,1865-11-04 14:00:00,1865-11-04 14:00:00,2,Sm,wind_force_2pm,109,237055,2113,2052
880,Fort Peel River,1865-11-05 14:00:00,1865-11-05 14:00:00,1,Sm,wind_force_2pm,109,237057,2113,2052
881,Fort Peel River,1865-11-06 14:00:00,1865-11-06 14:00:00,2,Sm,wind_force_2pm,109,237059,2113,2052
882,Fort Peel River,1865-11-07 14:00:00,1865-11-07 14:00:00,1,Sm,wind_force_2pm,109,237060,2113,2052
883,Fort Peel River,1865-11-08 14:00:00,1865-11-08 14:00:00,1,Sm,wind_force_2pm,109,237061,2113,2052
884,Fort Peel River,1865-11-09 14:00:00,1865-11-09 14:00:00,1,Sm,wind_force_2pm,109,237063,2113,2052
885,Fort Peel River,1865-11-10 14:00:00,1865-11-10 14:00:00,2,Sm,wind_force_2pm,109,237065,2113,2052
886,Fort Peel River,1865-11-11 14:00:00,1865-11-11 14:00:00,3,Sm,wind_force_2pm,109,237067,2113,2052
887,Fort Peel River,1865-11-12 14:00:00,1865-11-12 14:00:00,4,Sm,wind_force_2pm,109,237068,2113,2052
888,Fort Peel River,1865-11-13 14:00:00,1865-11-13 14:00:00,3,Sm,wind_force_2pm,109,237069,2113,2052
889,Fort Peel River,1865-11-14 14:00:00,1865-11-14 14:00:00,1,Sm,wind_force_2pm,109,237072,2113,2052
890,Fort Peel River,1865-11-15 14:00:00,1865-11-15 14:00:00,1,Sm,wind_force_2pm,109,237076,2113,2052
891,Fort Peel River,1865-11-16 14:00:00,1865-11-16 14:00:00,1,Sm,wind_force_2pm,109,237077,2113,2052
892,Fort Peel River,1865-11-17 14:00:00,1865-11-17 14:00:00,1,Sm,wind_force_2pm,109,237078,2113,2052
893,Fort Peel River,1865-11-18 14:00:00,1865-11-18 14:00:00,1,Sm,wind_force_2pm,109,237079,2113,2052
894,Fort Peel River,1865-11-19 14:00:00,1865-11-19 14:00:00,1,Sm,wind_force_2pm,109,237080,2113,2052
895,Fort Peel River,1865-11-20 14:00:00,1865-11-20 14:00:00,4,Sm,wind_force_2pm,109,237081,2113,2052
896,Fort Peel River,1865-11-21 14:00:00,1865-11-21 14:00:00,1,Sm,wind_force_2pm,109,237082,2113,2052
897,Fort Peel River,1865-11-22 14:00:00,1865-11-22 14:00:00,2,Sm,wind_force_2pm,109,237083,2113,2052
898,Fort Peel River,1865-11-23 14:00:00,1865-11-23 14:00:00,1,Sm,wind_force_2pm,109,237084,2113,2052
899,Fort Peel River,1865-11-24 14:00:00,1865-11-24 14:00:00,1,Sm,wind_force_2pm,109,237086,2113,2052
900,Fort Peel River,1865-11-25 14:00:00,1865-11-25 14:00:00,1,Sm,wind_force_2pm,109,237089,2113,2052
901,Fort Peel River,1865-11-26 14:00:00,1865-11-26 14:00:00,1,Sm,wind_force_2pm,109,237092,2113,2052
902,Fort Peel River,1865-11-27 14:00:00,1865-11-27 14:00:00,4,Sm,wind_force_2pm,109,237095,2113,2052
903,Fort Peel River,1865-11-28 14:00:00,1865-11-28 14:00:00,1,Sm,wind_force_2pm,109,237096,2113,2052
904,Fort Peel River,1865-11-29 14:00:00,1865-11-29 14:00:00,3,Sm,wind_force_2pm,109,237097,2113,2052
905,Fort Peel River,1865-11-30 14:00:00,1865-11-30 14:00:00,1,Sm,wind_force_2pm,109,237100,2113,2052
906,Fort Peel River,1865-12-01 14:00:00,1865-12-01 14:00:00,1,Sm,wind_force_2pm,109,236244,2114,2051
907,Fort Peel River,1865-12-02 14:00:00,1865-12-02 14:00:00,4,Sm,wind_force_2pm,109,236245,2114,2051
908,Fort Peel River,1865-12-03 14:00:00,1865-12-03 14:00:00,2,Sm,wind_force_2pm,109,236246,2114,2051
909,Fort Peel River,1865-12-04 14:00:00,1865-12-04 14:00:00,1,Sm,wind_force_2pm,109,236247,2114,2051
910,Fort Peel River,1865-12-05 14:00:00,1865-12-05 14:00:00,2,Sm,wind_force_2pm,109,236248,2114,2051
911,Fort Peel River,1865-12-06 14:00:00,1865-12-06 14:00:00,2,Sm,wind_force_2pm,109,236249,2114,2051
912,Fort Peel River,1865-12-07 14:00:00,1865-12-07 14:00:00,2,Sm,wind_force_2pm,109,236250,2114,2051
913,Fort Peel River,1865-12-08 14:00:00,1865-12-08 14:00:00,2,Sm,wind_force_2pm,109,236251,2114,2051
914,Fort Peel River,1865-12-09 14:00:00,1865-12-09 14:00:00,3,Sm,wind_force_2pm,109,236252,2114,2051
915,Fort Peel River,1865-12-10 14:00:00,1865-12-10 14:00:00,3,Sm,wind_force_2pm,109,236253,2114,2051
916,Fort Peel River,1865-12-11 14:00:00,1865-12-11 14:00:00,3,Sm,wind_force_2pm,109,236254,2114,2051
917,Fort Peel River,1865-12-12 14:00:00,1865-12-12 14:00:00,2,Sm,wind_force_2pm,109,236255,2114,2051
918,Fort Peel River,1865-12-13 14:00:00,1865-12-13 14:00:00,6,Sm,wind_force_2pm,109,236256,2114,2051
919,Fort Peel River,1865-12-14 14:00:00,1865-12-14 14:00:00,4,Sm,wind_force_2pm,109,236257,2114,2051
920,Fort Peel River,1865-12-15 14:00:00,1865-12-15 14:00:00,1,Sm,wind_force_2pm,109,236258,2114,2051
921,Fort Peel River,1865-12-16 14:00:00,1865-12-16 14:00:00,2,Sm,wind_force_2pm,109,236259,2114,2051
922,Fort Peel River,1865-12-17 14:00:00,1865-12-17 14:00:00,1,Sm,wind_force_2pm,109,236260,2114,2051
923,Fort Peel River,1865-12-18 14:00:00,1865-12-18 14:00:00,3,Sm,wind_force_2pm,109,236261,2114,2051
924,Fort Peel River,1865-12-19 14:00:00,1865-12-19 14:00:00,1,Sm,wind_force_2pm,109,236262,2114,2051
925,Fort Peel River,1865-12-20 14:00:00,1865-12-20 14:00:00,2,Sm,wind_force_2pm,109,236263,2114,2051
926,Fort Peel River,1865-12-21 14:00:00,1865-12-21 14:00:00,1,Sm,wind_force_2pm,109,236264,2114,2051
927,Fort Peel River,1865-12-22 14:00:00,1865-12-22 14:00:00,1,Sm,wind_force_2pm,109,236265,2114,2051
928,Fort Peel River,1865-12-23 14:00:00,1865-12-23 14:00:00,1,Sm,wind_force_2pm,109,236266,2114,2051
929,Fort Peel River,1865-12-24 14:00:00,1865-12-24 14:00:00,1,Sm,wind_force_2pm,109,236267,2114,2051
930,Fort Peel River,1865-12-25 14:00:00,1865-12-25 14:00:00,1,Sm,wind_force_2pm,109,236268,2114,2051
931,Fort Peel River,1865-12-26 14:00:00,1865-12-26 14:00:00,1,Sm,wind_force_2pm,109,236269,2114,2051
932,Fort Peel River,1865-12-27 14:00:00,1865-12-27 14:00:00,2,Sm,wind_force_2pm,109,236270,2114,2051
933,Fort Peel River,1865-12-28 14:00:00,1865-12-28 14:00:00,1,Sm,wind_force_2pm,109,236271,2114,2051
934,Fort Peel River,1865-12-29 14:00:00,1865-12-29 14:00:00,3,Sm,wind_force_2pm,109,236272,2114,2051
935,Fort Peel River,1865-12-30 14:00:00,1865-12-30 14:00:00,1,Sm,wind_force_2pm,109,236273,2114,2051
936,Fort Peel River,1865-12-31 14:00:00,1865-12-31 14:00:00,1,Sm,wind_force_2pm,109,236274,2114,2051
