"stationName","latitude","longitude","elevation","timeZone","UTCoffset","WMOID","MSCID"
"AbitibiPost","48.6","-79.3",NA,"America/Toronto","5","71734","7090050"
"Short_Name","What","Material","Error","Units","Seasonality","Data_Type","Detail","Method","Data_Format","Additional_Information"
"dd","wind direction","atmospheric material",NA,"degrees","sub-daily","historical","original_observation","field method","n",NA
"ptb","hour","precipitation",NA,"hh:mm","sub-daily","historical","original_observation","field method","n",NA
"pte","hour","precipitation",NA,"hh:mm","sub-daily","historical","original_observation","field method","n",NA
"ta","air temperature","atmospheric material",NA,"C","sub-daily","instrumental","original_observation","field method","n",NA
"w","wind speed","atmospheric material",NA,"mps","sub-daily","instrumental","original_observation","field method","n",NA
"ObservationDate","dd","ptb","pte","ta","w"
1868-01-01,NA,"6 pm","8 pm",NA,NA
1868-01-01 07:00:00,180,NA,NA,-11.11,2
1868-01-01 14:00:00,180,NA,NA,-3.89,2
1868-01-01 21:00:00,180,NA,NA,-3.89,0
1868-01-02,NA,"empty","empty",NA,NA
1868-01-02 07:00:00,135,NA,NA,-3.89,2
1868-01-02 14:00:00,157.5,NA,NA,-3.89,2
1868-01-02 21:00:00,90,NA,NA,-6.67,0
1868-01-03,NA,"empty","empty",NA,NA
1868-01-03 07:00:00,135,NA,NA,-9.44,2
1868-01-03 14:00:00,67.5,NA,NA,-6.67,2
1868-01-03 21:00:00,90,NA,NA,-12.22,0
1868-01-04,NA,"empty","empty",NA,NA
1868-01-04 07:00:00,45,NA,NA,-17.78,1
1868-01-04 14:00:00,45,NA,NA,-12.78,1
1868-01-04 21:00:00,0,NA,NA,-22.78,0
1868-01-05,NA,"empty","empty",NA,NA
1868-01-05 07:00:00,0,NA,NA,-26.11,1
1868-01-05 14:00:00,0,NA,NA,-20.56,1
1868-01-05 21:00:00,0,NA,NA,-26.11,0
1868-01-06,NA,"empty","empty",NA,NA
1868-01-06 07:00:00,0,NA,NA,-30.56,1
1868-01-06 14:00:00,0,NA,NA,-19.44,1
1868-01-06 21:00:00,0,NA,NA,-29.44,0
1868-01-07,NA,"empty","empty",NA,NA
1868-01-07 07:00:00,90,NA,NA,-22.22,2
1868-01-07 14:00:00,135,NA,NA,-11.11,2
1868-01-07 21:00:00,90,NA,NA,-11.11,0
1868-01-08,NA,"empty","empty",NA,NA
1868-01-08 07:00:00,225,NA,NA,-12.22,5
1868-01-08 14:00:00,0,NA,NA,-12.22,5
1868-01-08 21:00:00,45,NA,NA,-15,0
1868-01-09,NA,"empty","empty",NA,NA
1868-01-09 07:00:00,0,NA,NA,-20,5
1868-01-09 14:00:00,0,NA,NA,-20.56,5
1868-01-09 21:00:00,NA,NA,NA,-27.78,0
1868-01-10,NA,"empty","empty",NA,NA
1868-01-10 07:00:00,315,NA,NA,-37.22,1
1868-01-10 14:00:00,315,NA,NA,-22.78,1
1868-01-10 21:00:00,NA,NA,NA,-35.56,0
1868-01-11,NA,"empty","empty",NA,NA
1868-01-11 07:00:00,315,NA,NA,-40,1
1868-01-11 14:00:00,315,NA,NA,-26.11,5
1868-01-11 21:00:00,NA,NA,NA,-26.11,0
1868-01-12,NA,"empty","empty",NA,NA
1868-01-12 07:00:00,315,NA,NA,-30,5
1868-01-12 14:00:00,315,NA,NA,-21.67,5
1868-01-12 21:00:00,NA,NA,NA,-23.33,0
1868-01-13,NA,"empty","empty",NA,NA
1868-01-13 07:00:00,315,NA,NA,-28.89,2
1868-01-13 14:00:00,315,NA,NA,-17.78,2
1868-01-13 21:00:00,NA,NA,NA,-18.89,0
1868-01-14,NA,"empty","empty",NA,NA
1868-01-14 07:00:00,45,NA,NA,-31.67,1
1868-01-14 14:00:00,90,NA,NA,-20.56,2
1868-01-14 21:00:00,NA,NA,NA,-28.89,0
1868-01-15,NA,"empty","empty",NA,NA
1868-01-15 07:00:00,135,NA,NA,-26.11,2
1868-01-15 14:00:00,135,NA,NA,-15.56,2
1868-01-15 21:00:00,NA,NA,NA,-22.22,0
1868-01-16,NA,"empty","empty",NA,NA
1868-01-16 07:00:00,315,NA,NA,-28.89,2
1868-01-16 14:00:00,315,NA,NA,-17.78,2
1868-01-16 21:00:00,NA,NA,NA,-17.78,0
1868-01-17,NA,"empty","empty",NA,NA
1868-01-17 07:00:00,315,NA,NA,-20.56,2
1868-01-17 14:00:00,0,NA,NA,-13.89,2
1868-01-17 21:00:00,NA,NA,NA,-17.78,0
1868-01-18,NA,"empty","empty",NA,NA
1868-01-18 07:00:00,315,NA,NA,-23.33,1
1868-01-18 14:00:00,337.5,NA,NA,-15,1
1868-01-18 21:00:00,NA,NA,NA,-23.33,0
1868-01-19,NA,"1 pm","12 pm",NA,NA
1868-01-19 07:00:00,90,NA,NA,-23.33,2
1868-01-19 14:00:00,135,NA,NA,-12.22,5
1868-01-19 21:00:00,NA,NA,NA,-12.22,0
1868-01-20,NA,"empty","empty",NA,NA
1868-01-20 07:00:00,315,NA,NA,-20.56,1
1868-01-20 14:00:00,0,NA,NA,-13.89,2
1868-01-20 21:00:00,NA,NA,NA,-17.78,0
1868-01-21,NA,"empty","empty",NA,NA
1868-01-21 07:00:00,0,NA,NA,-18.89,2
1868-01-21 14:00:00,90,NA,NA,-12.22,2
1868-01-21 21:00:00,NA,NA,NA,-17.78,0
1868-01-22,NA,"8 am","2 pm",NA,NA
1868-01-22 07:00:00,180,NA,NA,-15,2
1868-01-22 14:00:00,180,NA,NA,-7.78,2
1868-01-22 21:00:00,NA,NA,NA,-7.78,0
1868-01-23,NA,"6 am","empty",NA,NA
1868-01-23 07:00:00,180,NA,NA,-6.67,5
1868-01-23 14:00:00,225,NA,NA,-2.22,5
1868-01-23 21:00:00,NA,NA,NA,-3.89,0
1868-01-24,NA,"empty","2 am",NA,NA
1868-01-24 07:00:00,315,NA,NA,-12.78,11
1868-01-24 14:00:00,315,NA,NA,-16.11,5
1868-01-24 21:00:00,NA,NA,NA,-18.89,0
1868-01-25,NA,"empty","empty",NA,NA
1868-01-25 07:00:00,315,NA,NA,-33.89,2
1868-01-25 14:00:00,315,NA,NA,-26.11,2
1868-01-25 21:00:00,NA,NA,NA,-32.22,0
1868-01-26,NA,"empty","empty",NA,NA
1868-01-26 07:00:00,315,NA,NA,-42.22,1
1868-01-26 14:00:00,270,NA,NA,-17.78,5
1868-01-26 21:00:00,NA,NA,NA,-22.78,0
1868-01-27,NA,"empty","empty",NA,NA
1868-01-27 07:00:00,180,NA,NA,-23.33,5
1868-01-27 14:00:00,180,NA,NA,-15,2
1868-01-27 21:00:00,NA,NA,NA,-17.78,0
1868-01-28,NA,"empty","empty",NA,NA
1868-01-28 07:00:00,180,NA,NA,-17.78,11
1868-01-28 14:00:00,180,NA,NA,-12.22,5
1868-01-28 21:00:00,NA,NA,NA,-12.78,0
1868-01-29,NA,"empty","empty",NA,NA
1868-01-29 07:00:00,315,NA,NA,-15,5
1868-01-29 14:00:00,315,NA,NA,-9.44,11
1868-01-29 21:00:00,NA,NA,NA,-15,0
1868-01-30,NA,"empty","empty",NA,NA
1868-01-30 07:00:00,270,NA,NA,-20.56,5
1868-01-30 14:00:00,270,NA,NA,-12.22,11
1868-01-30 21:00:00,NA,NA,NA,-20.56,0
1868-01-31,NA,"6 pm","8 pm",NA,NA
1868-01-31 07:00:00,270,NA,NA,-19.44,1
1868-01-31 14:00:00,247.5,NA,NA,-12.78,2
1868-01-31 21:00:00,NA,NA,NA,-12.22,0
1868-02-01,NA,"empty","empty",NA,NA
1868-02-01 07:00:00,225,NA,NA,-9.44,11
1868-02-01 14:00:00,225,NA,NA,-3.89,11
1868-02-01 21:00:00,270,NA,NA,-17.78,11
1868-02-02,NA,"empty","empty",NA,NA
1868-02-02 07:00:00,315,NA,NA,-35.56,2
1868-02-02 14:00:00,315,NA,NA,-28.33,5
1868-02-02 21:00:00,180,NA,NA,-35,2
1868-02-03,NA,"empty","empty",NA,NA
1868-02-03 07:00:00,225,NA,NA,-37.22,5
1868-02-03 14:00:00,225,NA,NA,-16.11,11
1868-02-03 21:00:00,225,NA,NA,-15.56,16
1868-02-04,NA,"empty","empty",NA,NA
1868-02-04 07:00:00,315,NA,NA,-23.33,2
1868-02-04 14:00:00,315,NA,NA,-19.44,5
1868-02-04 21:00:00,315,NA,NA,-26.67,1
1868-02-05,NA,"9 am","12 pm",NA,NA
1868-02-05 07:00:00,135,NA,NA,-20.56,2
1868-02-05 14:00:00,180,NA,NA,-16.67,5
1868-02-05 21:00:00,90,NA,NA,-12.22,2
1868-02-06,NA,"empty","empty",NA,NA
1868-02-06 07:00:00,45,NA,NA,-20.56,11
1868-02-06 14:00:00,45,NA,NA,-20.56,11
1868-02-06 21:00:00,315,NA,NA,-31.11,5
1868-02-07,NA,"empty","empty",NA,NA
1868-02-07 07:00:00,0,NA,NA,-38.89,1
1868-02-07 14:00:00,0,NA,NA,-22.22,1
1868-02-07 21:00:00,NA,NA,NA,-24.44,5
1868-02-08,NA,"7 am","empty",NA,NA
1868-02-08 07:00:00,135,NA,NA,-17.78,2
1868-02-08 14:00:00,157.5,NA,NA,-11.11,2
1868-02-08 21:00:00,45,NA,NA,-16.67,5
1868-02-09,NA,"empty","9 am",NA,NA
1868-02-09 07:00:00,0,NA,NA,-22.22,11
1868-02-09 14:00:00,315,NA,NA,-22.22,11
1868-02-09 21:00:00,315,NA,NA,-31.11,2
1868-02-10,NA,"empty","empty",NA,NA
1868-02-10 07:00:00,135,NA,NA,-37.78,1
1868-02-10 14:00:00,180,NA,NA,-15,2
1868-02-10 21:00:00,180,NA,NA,-15.56,2
1868-02-11,NA,"9 am","2 pm",NA,NA
1868-02-11 07:00:00,225,NA,NA,-17.78,2
1868-02-11 14:00:00,270,NA,NA,-15,11
1868-02-11 21:00:00,315,NA,NA,-26.11,2
1868-02-12,NA,"empty","empty",NA,NA
1868-02-12 07:00:00,315,NA,NA,-38.89,1
1868-02-12 14:00:00,315,NA,NA,-20,1
1868-02-12 21:00:00,180,NA,NA,-28.89,2
1868-02-13,NA,"empty","empty",NA,NA
1868-02-13 07:00:00,315,NA,NA,-21.67,1
1868-02-13 14:00:00,315,NA,NA,-16.67,11
1868-02-13 21:00:00,315,NA,NA,-26.67,2
1868-02-14,NA,"empty","empty",NA,NA
1868-02-14 07:00:00,180,NA,NA,-31.11,5
1868-02-14 14:00:00,180,NA,NA,-15.56,11
1868-02-14 21:00:00,180,NA,NA,-15.56,11
1868-02-15,NA,"empty","empty",NA,NA
1868-02-15 07:00:00,315,NA,NA,-13.89,2
1868-02-15 14:00:00,315,NA,NA,-12.78,5
1868-02-15 21:00:00,180,NA,NA,-15,2
1868-02-16,NA,"10 am","empty",NA,NA
1868-02-16 07:00:00,135,NA,NA,-17.22,2
1868-02-16 14:00:00,180,NA,NA,-7.22,2
1868-02-16 21:00:00,180,NA,NA,-7.22,5
1868-02-17,NA,"empty","12 pm",NA,NA
1868-02-17 07:00:00,0,NA,NA,-6.67,11
1868-02-17 14:00:00,0,NA,NA,-11.67,11
1868-02-17 21:00:00,0,NA,NA,-24.44,2
1868-02-18,NA,"empty","empty",NA,NA
1868-02-18 07:00:00,180,NA,NA,-26.11,5
1868-02-18 14:00:00,180,NA,NA,-15,5
1868-02-18 21:00:00,225,NA,NA,-13.89,2
1868-02-19,NA,"11 am","empty",NA,NA
1868-02-19 07:00:00,270,NA,NA,-13.89,2
1868-02-19 14:00:00,270,NA,NA,-6.67,2
1868-02-19 21:00:00,135,NA,NA,-11.11,1
1868-02-20,NA,"empty","empty",NA,NA
1868-02-20 07:00:00,135,NA,NA,-11.11,2
1868-02-20 14:00:00,0,NA,NA,-13.89,5
1868-02-20 21:00:00,0,NA,NA,-23.33,11
1868-02-21,NA,"empty","empty",NA,NA
1868-02-21 07:00:00,315,NA,NA,-37.78,2
1868-02-21 14:00:00,315,NA,NA,-23.33,5
1868-02-21 21:00:00,315,NA,NA,-30,2
1868-02-22,NA,"empty","empty",NA,NA
1868-02-22 07:00:00,315,NA,NA,-38.89,1
1868-02-22 14:00:00,315,NA,NA,-23.33,1
1868-02-22 21:00:00,315,NA,NA,-33.89,1
1868-02-23,NA,"empty","empty",NA,NA
1868-02-23 07:00:00,0,NA,NA,-34.44,1
1868-02-23 14:00:00,0,NA,NA,-17.78,2
1868-02-23 21:00:00,135,NA,NA,-27.22,2
1868-02-24,NA,"empty","empty",NA,NA
1868-02-24 07:00:00,90,NA,NA,-34.44,2
1868-02-24 14:00:00,90,NA,NA,-11.11,2
1868-02-24 21:00:00,135,NA,NA,-21.11,2
1868-02-25,NA,"empty","empty",NA,NA
1868-02-25 07:00:00,90,NA,NA,-26.11,2
1868-02-25 14:00:00,90,NA,NA,-6.67,2
1868-02-25 21:00:00,90,NA,NA,-15,2
1868-02-26,NA,"empty","empty",NA,NA
1868-02-26 07:00:00,135,NA,NA,-26.11,2
1868-02-26 14:00:00,90,NA,NA,-3.89,2
1868-02-26 21:00:00,135,NA,NA,-6.67,2
1868-02-27,NA,"empty","empty",NA,NA
1868-02-27 07:00:00,45,NA,NA,-9.44,2
1868-02-27 14:00:00,45,NA,NA,-2.22,2
1868-02-27 21:00:00,45,NA,NA,-7.22,5
1868-02-28,NA,"empty","empty",NA,NA
1868-02-28 07:00:00,315,NA,NA,-16.67,11
1868-02-28 14:00:00,315,NA,NA,-12.22,11
1868-02-28 21:00:00,315,NA,NA,-17.78,11
1868-02-29,NA,"empty","empty",NA,NA
1868-02-29 07:00:00,315,NA,NA,-25.56,2
1868-02-29 14:00:00,315,NA,NA,-18.89,5
1868-02-29 21:00:00,180,NA,NA,-26.67,2
1868-03-01 07:00:00,315,NA,NA,-35,1
1868-03-01 14:00:00,315,NA,NA,-17.78,2
1868-03-01 21:00:00,0,NA,NA,-26.11,2
1868-03-02 07:00:00,67.5,NA,NA,-30,5
1868-03-02 14:00:00,67.5,NA,NA,-19.44,11
1868-03-02 21:00:00,45,NA,NA,-23.33,5
1868-03-03 07:00:00,45,NA,NA,-20.56,5
1868-03-03 14:00:00,315,NA,NA,-12.22,2
1868-03-03 21:00:00,315,NA,NA,-20.56,2
1868-03-04 07:00:00,315,NA,NA,-26.11,1
1868-03-04 14:00:00,315,NA,NA,-7.78,1
1868-03-04 21:00:00,315,NA,NA,-17.78,1
1868-03-05 07:00:00,135,NA,NA,-17.78,2
1868-03-05 14:00:00,135,NA,NA,0.56,5
1868-03-05 21:00:00,180,NA,NA,-5,5
1868-03-06,NA,"6 am",NA,NA,NA
1868-03-06 07:00:00,180,NA,NA,-2.22,5
1868-03-06 14:00:00,180,NA,NA,3.33,11
1868-03-06 21:00:00,315,NA,NA,0,11
1868-03-07 07:00:00,135,NA,NA,-9.44,2
1868-03-07 14:00:00,135,NA,NA,-5.56,5
1868-03-07 21:00:00,135,NA,NA,-1.67,11
1868-03-08,NA,NA,"7 am",NA,NA
1868-03-08 07:00:00,225,NA,NA,0.56,11
1868-03-08 14:00:00,270,NA,NA,-1.67,5
1868-03-08 21:00:00,315,NA,NA,-4.44,2
1868-03-09 07:00:00,225,NA,NA,-5.56,2
1868-03-09 14:00:00,270,NA,NA,5.56,2
1868-03-09 21:00:00,270,NA,NA,-1.67,2
1868-03-10,NA,"8 am","12 am",NA,NA
1868-03-10 07:00:00,315,NA,NA,-1.11,5
1868-03-10 14:00:00,315,NA,NA,-3.89,11
1868-03-10 21:00:00,315,NA,NA,-15,11
1868-03-11 07:00:00,135,NA,NA,-18.33,1
1868-03-11 14:00:00,180,NA,NA,-2.78,2
1868-03-11 21:00:00,180,NA,NA,-8.33,5
1868-03-12,NA,"3 pm",NA,NA,NA
1868-03-12 07:00:00,180,NA,NA,-3.89,2
1868-03-12 14:00:00,180,NA,NA,2.78,2
1868-03-12 21:00:00,180,NA,NA,0,11
1868-03-13,NA,NA,"6 am",NA,NA
1868-03-13 07:00:00,225,NA,NA,1.67,2
1868-03-13 14:00:00,270,NA,NA,3.89,2
1868-03-13 21:00:00,270,NA,NA,1.67,2
1868-03-14 07:00:00,180,NA,NA,1.67,5
1868-03-14 14:00:00,180,NA,NA,6.11,5
1868-03-14 21:00:00,180,NA,NA,3.89,5
1868-03-15 07:00:00,180,NA,NA,3.33,2
1868-03-15 14:00:00,270,NA,NA,7.78,2
1868-03-15 21:00:00,0,NA,NA,1.67,11
1868-03-16,NA,"9 pm",NA,NA,NA
1868-03-16 07:00:00,135,NA,NA,-1.11,1
1868-03-16 14:00:00,135,NA,NA,3.33,2
1868-03-16 21:00:00,180,NA,NA,1.11,5
1868-03-17,NA,NA,"6 am",NA,NA
1868-03-17 07:00:00,180,NA,NA,3.33,5
1868-03-17 14:00:00,225,NA,NA,11.11,11
1868-03-17 21:00:00,315,NA,NA,2.78,11
1868-03-18 07:00:00,315,NA,NA,-13.89,11
1868-03-18 14:00:00,315,NA,NA,-6.67,5
1868-03-18 21:00:00,315,NA,NA,-12.22,1
1868-03-19 07:00:00,225,NA,NA,-6.67,2
1868-03-19 14:00:00,180,NA,NA,6.11,2
1868-03-19 21:00:00,180,NA,NA,-1.11,2
1868-03-20 07:00:00,22.5,NA,NA,-12.22,5
1868-03-20 14:00:00,22.5,NA,NA,-6.67,5
1868-03-20 21:00:00,45,NA,NA,-15.56,11
1868-03-21 07:00:00,0,NA,NA,-20.56,2
1868-03-21 14:00:00,0,NA,NA,-11.11,2
1868-03-21 21:00:00,45,NA,NA,-17.78,5
1868-03-22 07:00:00,90,NA,NA,-12.22,2
1868-03-22 14:00:00,157.5,NA,NA,-6.67,2
1868-03-22 21:00:00,135,NA,NA,-5,5
1868-03-23 07:00:00,315,NA,NA,-6.67,2
1868-03-23 14:00:00,315,NA,NA,-2.22,5
1868-03-23 21:00:00,0,NA,NA,-9.44,11
1868-03-24 07:00:00,315,NA,NA,-11.11,2
1868-03-24 14:00:00,315,NA,NA,-5,2
1868-03-24 21:00:00,45,NA,NA,-9.44,5
1868-03-25 07:00:00,315,NA,NA,-12.78,2
1868-03-25 14:00:00,270,NA,NA,-1.67,5
1868-03-25 21:00:00,315,NA,NA,-9.44,5
1868-03-26 07:00:00,315,NA,NA,-9.44,1
1868-03-26 14:00:00,270,NA,NA,3.33,5
1868-03-26 21:00:00,337.5,NA,NA,0.56,11
1868-03-27 07:00:00,315,NA,NA,3.33,1
1868-03-27 14:00:00,315,NA,NA,4.44,2
1868-03-27 21:00:00,337.5,NA,NA,-1.67,1
1868-03-28 07:00:00,45,NA,NA,-1.11,1
1868-03-28 14:00:00,45,NA,NA,4.44,2
1868-03-28 21:00:00,45,NA,NA,-3.89,2
1868-03-29 07:00:00,180,NA,NA,1.11,2
1868-03-29 14:00:00,180,NA,NA,10,5
1868-03-29 21:00:00,180,NA,NA,6.67,2
1868-03-30 07:00:00,315,NA,NA,7.22,2
1868-03-30 14:00:00,315,NA,NA,7.22,5
1868-03-30 21:00:00,315,NA,NA,0.56,1
1868-03-31 07:00:00,180,NA,NA,4.44,2
1868-03-31 14:00:00,180,NA,NA,10,11
1868-03-31 21:00:00,315,NA,NA,5.56,11
1868-04-01,NA,"empty","empty",NA,NA
1868-04-01 07:00:00,315,NA,NA,-6.67,5
1868-04-01 14:00:00,315,NA,NA,-1.11,11
1868-04-01 21:00:00,315,NA,NA,-9.44,11
1868-04-02,NA,"empty","empty",NA,NA
1868-04-02 07:00:00,315,NA,NA,-17.22,2
1868-04-02 14:00:00,315,NA,NA,-4.44,2
1868-04-02 21:00:00,315,NA,NA,-9.44,1
1868-04-03,NA,"empty","empty",NA,NA
1868-04-03 07:00:00,315,NA,NA,-9.44,2
1868-04-03 14:00:00,90,NA,NA,0,2
1868-04-03 21:00:00,45,NA,NA,-5,11
1868-04-04,NA,"empty","empty",NA,NA
1868-04-04 07:00:00,0,NA,NA,-16.11,5
1868-04-04 14:00:00,0,NA,NA,-9.44,11
1868-04-04 21:00:00,0,NA,NA,-15,11
1868-04-05,NA,"empty","empty",NA,NA
1868-04-05 07:00:00,0,NA,NA,-12.22,5
1868-04-05 14:00:00,0,NA,NA,-9.44,5
1868-04-05 21:00:00,0,NA,NA,-15,5
1868-04-06,NA,"empty","empty",NA,NA
1868-04-06 07:00:00,135,NA,NA,-12.22,1
1868-04-06 14:00:00,315,NA,NA,-6.67,2
1868-04-06 21:00:00,135,NA,NA,-12.22,2
1868-04-07,NA,"4 pm","empty",NA,NA
1868-04-07 07:00:00,135,NA,NA,-12.22,1
1868-04-07 14:00:00,90,NA,NA,1.67,5
1868-04-07 21:00:00,45,NA,NA,-7.22,11
1868-04-08,NA,"empty","6 am",NA,NA
1868-04-08 07:00:00,315,NA,NA,-12.78,11
1868-04-08 14:00:00,315,NA,NA,-9.44,11
1868-04-08 21:00:00,315,NA,NA,-15,11
1868-04-09,NA,"empty","empty",NA,NA
1868-04-09 07:00:00,315,NA,NA,-12.78,1
1868-04-09 14:00:00,270,NA,NA,-2.22,5
1868-04-09 21:00:00,225,NA,NA,-6.67,11
1868-04-10,NA,"empty","empty",NA,NA
1868-04-10 07:00:00,225,NA,NA,-1.11,1
1868-04-10 14:00:00,225,NA,NA,4.44,5
1868-04-10 21:00:00,202.5,NA,NA,0,2
1868-04-11,NA,"6 am","3 pm",NA,NA
1868-04-11 07:00:00,90,NA,NA,-6.67,2
1868-04-11 14:00:00,0,NA,NA,-5.56,5
1868-04-11 21:00:00,0,NA,NA,-12.22,5
1868-04-12,NA,"empty","empty",NA,NA
1868-04-12 07:00:00,315,NA,NA,-12.22,5
1868-04-12 14:00:00,315,NA,NA,-5.56,5
1868-04-12 21:00:00,180,NA,NA,-13.33,1
1868-04-13,NA,"empty","empty",NA,NA
1868-04-13 07:00:00,180,NA,NA,-6.67,1
1868-04-13 14:00:00,270,NA,NA,3.33,5
1868-04-13 21:00:00,225,NA,NA,-1.11,2
1868-04-14,NA,"empty","empty",NA,NA
1868-04-14 07:00:00,180,NA,NA,-3.89,2
1868-04-14 14:00:00,180,NA,NA,4.44,2
1868-04-14 21:00:00,180,NA,NA,3.33,11
1868-04-15,NA,"6 pm","10 pm",NA,NA
1868-04-15 07:00:00,180,NA,NA,1.67,2
1868-04-15 14:00:00,180,NA,NA,7.22,2
1868-04-15 21:00:00,180,NA,NA,7.22,5
1868-04-16,NA,"empty","empty",NA,NA
1868-04-16 07:00:00,180,NA,NA,7.22,5
1868-04-16 14:00:00,225,NA,NA,10,16
1868-04-16 21:00:00,247.5,NA,NA,3.89,11
1868-04-17,NA,"empty","empty",NA,NA
1868-04-17 07:00:00,225,NA,NA,4.44,5
1868-04-17 14:00:00,0,NA,NA,-1.11,16
1868-04-17 21:00:00,315,NA,NA,-6.67,11
1868-04-18,NA,"empty","empty",NA,NA
1868-04-18 07:00:00,315,NA,NA,-6.67,5
1868-04-18 14:00:00,315,NA,NA,-4.44,5
1868-04-18 21:00:00,180,NA,NA,-3.89,1
1868-04-19,NA,"empty","empty",NA,NA
1868-04-19 07:00:00,180,NA,NA,1.67,1
1868-04-19 14:00:00,315,NA,NA,6.67,2
1868-04-19 21:00:00,135,NA,NA,-1.11,1
1868-04-20,NA,"empty","empty",NA,NA
1868-04-20 07:00:00,180,NA,NA,12.78,1
1868-04-20 14:00:00,180,NA,NA,15.56,5
1868-04-20 21:00:00,180,NA,NA,4.44,5
1868-04-21,NA,"empty","empty",NA,NA
1868-04-21 07:00:00,225,NA,NA,1.67,5
1868-04-21 14:00:00,315,NA,NA,10,11
1868-04-21 21:00:00,315,NA,NA,-2.22,11
1868-04-22,NA,"empty","empty",NA,NA
1868-04-22 07:00:00,315,NA,NA,-2.22,5
1868-04-22 14:00:00,315,NA,NA,-2.22,11
1868-04-22 21:00:00,90,NA,NA,-6.67,1
1868-04-23,NA,"9 pm","empty",NA,NA
1868-04-23 07:00:00,45,NA,NA,-3.89,2
1868-04-23 14:00:00,315,NA,NA,3.33,2
1868-04-23 21:00:00,315,NA,NA,-1.11,11
1868-04-24,NA,"empty","8 am",NA,NA
1868-04-24 07:00:00,45,NA,NA,-3.89,1
1868-04-24 14:00:00,315,NA,NA,0.56,2
1868-04-24 21:00:00,0,NA,NA,-4.44,1
1868-04-25,NA,"empty","empty",NA,NA
1868-04-25 07:00:00,45,NA,NA,-1.11,1
1868-04-25 14:00:00,315,NA,NA,0.56,2
1868-04-25 21:00:00,45,NA,NA,-2.22,5
1868-04-26,NA,"empty","empty",NA,NA
1868-04-26 07:00:00,315,NA,NA,4.44,1
1868-04-26 14:00:00,315,NA,NA,7.22,2
1868-04-26 21:00:00,45,NA,NA,-2.22,1
1868-04-27,NA,"empty","empty",NA,NA
1868-04-27 07:00:00,45,NA,NA,1.67,1
1868-04-27 14:00:00,45,NA,NA,6.11,2
1868-04-27 21:00:00,45,NA,NA,-1.67,1
1868-04-28,NA,"empty","empty",NA,NA
1868-04-28 07:00:00,45,NA,NA,7.22,1
1868-04-28 14:00:00,315,NA,NA,13.89,1
1868-04-28 21:00:00,45,NA,NA,0,1
1868-04-29,NA,"6 pm","empty",NA,NA
1868-04-29 07:00:00,180,NA,NA,4.44,2
1868-04-29 14:00:00,180,NA,NA,11.67,1
1868-04-29 21:00:00,90,NA,NA,4.44,1
1868-04-30,NA,"empty","2 am",NA,NA
1868-04-30 07:00:00,45,NA,NA,-3.89,11
1868-04-30 14:00:00,0,NA,NA,1.67,11
1868-04-30 21:00:00,0,NA,NA,-3.89,11
1868-06-01,NA,"empty","empty",NA,NA
1868-06-01 07:00:00,315,NA,NA,5,11
1868-06-01 14:00:00,315,NA,NA,6.67,11
1868-06-01 21:00:00,315,NA,NA,5,2
1868-06-02,NA,"empty","empty",NA,NA
1868-06-02 07:00:00,315,NA,NA,5.56,2
1868-06-02 14:00:00,315,NA,NA,12.78,2
1868-06-02 21:00:00,315,NA,NA,7.22,2
1868-06-03,NA,"empty","empty",NA,NA
1868-06-03 07:00:00,180,NA,NA,10,2
1868-06-03 14:00:00,180,NA,NA,20.56,2
1868-06-03 21:00:00,180,NA,NA,12.78,2
1868-06-04,NA,"empty","empty",NA,NA
1868-06-04 07:00:00,180,NA,NA,18.89,1
1868-06-04 14:00:00,180,NA,NA,25,2
1868-06-04 21:00:00,180,NA,NA,13.89,2
1868-06-05,NA,"3 pm","empty",NA,NA
1868-06-05 07:00:00,180,NA,NA,18.33,11
1868-06-05 14:00:00,315,NA,NA,17.78,5
1868-06-05 21:00:00,315,NA,NA,17.78,5
1868-06-06,NA,"empty","4 am",NA,NA
1868-06-06 07:00:00,0,NA,NA,2.78,5
1868-06-06 14:00:00,315,NA,NA,-1.11,2
1868-06-06 21:00:00,315,NA,NA,6.67,5
1868-06-07,NA,"empty","empty",NA,NA
1868-06-07 07:00:00,225,NA,NA,15.56,2
1868-06-07 14:00:00,225,NA,NA,18.33,2
1868-06-07 21:00:00,202.5,NA,NA,11.67,5
1868-06-08,NA,"8 am","1 pm",NA,NA
1868-06-08 07:00:00,247.5,NA,NA,11.67,5
1868-06-08 14:00:00,315,NA,NA,10,5
1868-06-08 21:00:00,315,NA,NA,6.67,5
1868-06-09,NA,"empty","empty",NA,NA
1868-06-09 07:00:00,270,NA,NA,13.33,5
1868-06-09 14:00:00,270,NA,NA,12.22,5
1868-06-09 21:00:00,225,NA,NA,11.11,2
1868-06-10,NA,"empty","empty",NA,NA
1868-06-10 07:00:00,225,NA,NA,16.11,11
1868-06-10 14:00:00,225,NA,NA,21.11,2
1868-06-10 21:00:00,90,NA,NA,17.22,1
1868-06-11,NA,"empty","empty",NA,NA
1868-06-11 07:00:00,180,NA,NA,16.67,1
1868-06-11 14:00:00,225,NA,NA,26.11,2
1868-06-11 21:00:00,202.5,NA,NA,20.56,1
1868-06-12,NA,"empty","empty",NA,NA
1868-06-12 07:00:00,225,NA,NA,21.11,2
1868-06-12 14:00:00,0,NA,NA,18.33,2
1868-06-12 21:00:00,0,NA,NA,15.56,2
1868-06-13,NA,"empty","empty",NA,NA
1868-06-13 07:00:00,180,NA,NA,21.11,1
1868-06-13 14:00:00,0,NA,NA,26.11,2
1868-06-13 21:00:00,0,NA,NA,18.33,2
1868-06-14,NA,"empty","empty",NA,NA
1868-06-14 07:00:00,180,NA,NA,21.67,1
1868-06-14 14:00:00,180,NA,NA,25.56,2
1868-06-14 21:00:00,180,NA,NA,26.11,1
1868-06-15,NA,"empty","empty",NA,NA
1868-06-15 07:00:00,225,NA,NA,26.67,1
1868-06-15 14:00:00,180,NA,NA,29.44,2
1868-06-15 21:00:00,180,NA,NA,26.11,1
1868-06-16,NA,"empty","empty",NA,NA
1868-06-16 07:00:00,270,NA,NA,27.78,2
1868-06-16 14:00:00,180,NA,NA,30.56,2
1868-06-16 21:00:00,225,NA,NA,26.67,1
1868-06-17,NA,"empty","empty",NA,NA
1868-06-17 07:00:00,270,NA,NA,28.89,1
1868-06-17 14:00:00,180,NA,NA,30.56,2
1868-06-17 21:00:00,225,NA,NA,27.78,1
1868-06-18,NA,"10 pm","empty",NA,NA
1868-06-18 07:00:00,225,NA,NA,37.22,1
1868-06-18 14:00:00,225,NA,NA,38.89,2
1868-06-18 21:00:00,202.5,NA,NA,31.67,5
1868-06-19,NA,"empty","empty",NA,NA
1868-06-19 07:00:00,270,NA,NA,22.22,2
1868-06-19 14:00:00,270,NA,NA,26.11,5
1868-06-19 21:00:00,0,NA,NA,8.89,11
1868-06-20,NA,"empty","12 pm",NA,NA
1868-06-20 07:00:00,0,NA,NA,5.56,5
1868-06-20 14:00:00,0,NA,NA,12.78,11
1868-06-20 21:00:00,0,NA,NA,8.89,5
1868-06-21,NA,"empty","empty",NA,NA
1868-06-21 07:00:00,225,NA,NA,15.56,2
1868-06-21 14:00:00,225,NA,NA,20.56,2
1868-06-21 21:00:00,180,NA,NA,20,1
1868-06-22,NA,"empty","empty",NA,NA
1868-06-22 07:00:00,180,NA,NA,13.89,5
1868-06-22 14:00:00,225,NA,NA,18.33,5
1868-06-22 21:00:00,315,NA,NA,15.56,11
1868-06-23,NA,"empty","empty",NA,NA
1868-06-23 07:00:00,0,NA,NA,15.56,5
1868-06-23 14:00:00,0,NA,NA,18.33,5
1868-06-23 21:00:00,315,NA,NA,12.78,2
1868-06-24,NA,"empty","empty",NA,NA
1868-06-24 07:00:00,315,NA,NA,17.22,2
1868-06-24 14:00:00,315,NA,NA,22.22,2
1868-06-24 21:00:00,315,NA,NA,18.33,2
1868-06-25,NA,"empty","empty",NA,NA
1868-06-25 07:00:00,270,NA,NA,16.11,5
1868-06-25 14:00:00,270,NA,NA,25,5
1868-06-25 21:00:00,225,NA,NA,20.56,11
1868-06-26,NA,"empty","empty",NA,NA
1868-06-26 07:00:00,202.5,NA,NA,18.33,1
1868-06-26 14:00:00,315,NA,NA,23.89,1
1868-06-26 21:00:00,45,NA,NA,21.11,2
1868-06-27,NA,"empty","empty",NA,NA
1868-06-27 07:00:00,0,NA,NA,16.67,2
1868-06-27 14:00:00,0,NA,NA,21.11,5
1868-06-27 21:00:00,0,NA,NA,14.44,11
1868-06-28,NA,"empty","empty",NA,NA
1868-06-28 07:00:00,0,NA,NA,25,1
1868-06-28 14:00:00,315,NA,NA,27.78,1
1868-06-28 21:00:00,90,NA,NA,15.56,1
1868-06-29,NA,"empty","empty",NA,NA
1868-06-29 07:00:00,225,NA,NA,25.56,2
1868-06-29 14:00:00,225,NA,NA,29.44,5
1868-06-29 21:00:00,180,NA,NA,22.22,11
1868-06-30,NA,"4 pm","9 pm",NA,NA
1868-06-30 07:00:00,180,NA,NA,27.78,11
1868-06-30 14:00:00,225,NA,NA,29.44,11
1868-06-30 21:00:00,315,NA,NA,20,5
1868-07-01,NA,"3 pm","empty",NA,NA
1868-07-01 07:00:00,225,NA,NA,25.56,1
1868-07-01 14:00:00,225,NA,NA,29.44,2
1868-07-01 21:00:00,270,NA,NA,22.22,5
1868-07-02,NA,"empty","2 am",NA,NA
1868-07-02 07:00:00,180,NA,NA,26.67,2
1868-07-02 14:00:00,225,NA,NA,31.11,5
1868-07-02 21:00:00,270,NA,NA,21.11,5
1868-07-03,NA,"empty","empty",NA,NA
1868-07-03 07:00:00,225,NA,NA,31.11,2
1868-07-03 14:00:00,180,NA,NA,33.89,5
1868-07-03 21:00:00,180,NA,NA,26.67,5
1868-07-04,NA,"empty","empty",NA,NA
1868-07-04 07:00:00,180,NA,NA,29.44,11
1868-07-04 14:00:00,292.5,NA,NA,30.56,11
1868-07-04 21:00:00,315,NA,NA,20.56,11
1868-07-05,NA,"empty","empty",NA,NA
1868-07-05 07:00:00,315,NA,NA,10,2
1868-07-05 14:00:00,315,NA,NA,15.56,2
1868-07-05 21:00:00,225,NA,NA,11.11,2
1868-07-06,NA,"12 am","6 pm",NA,NA
1868-07-06 07:00:00,135,NA,NA,10,5
1868-07-06 14:00:00,135,NA,NA,14.44,2
1868-07-06 21:00:00,225,NA,NA,12.78,2
1868-07-07,NA,"empty","empty",NA,NA
1868-07-07 07:00:00,90,NA,NA,11.11,1
1868-07-07 14:00:00,270,NA,NA,16.67,2
1868-07-07 21:00:00,90,NA,NA,15.56,1
1868-07-08,NA,"empty","empty",NA,NA
1868-07-08 07:00:00,135,NA,NA,22.22,1
1868-07-08 14:00:00,315,NA,NA,25.56,2
1868-07-08 21:00:00,180,NA,NA,18.33,1
1868-07-09,NA,"empty","empty",NA,NA
1868-07-09 07:00:00,180,NA,NA,26.67,1
1868-07-09 14:00:00,315,NA,NA,31.11,1
1868-07-09 21:00:00,180,NA,NA,18.33,1
1868-07-10,NA,"empty","empty",NA,NA
1868-07-10 07:00:00,180,NA,NA,27.78,1
1868-07-10 14:00:00,270,NA,NA,31.67,1
1868-07-10 21:00:00,180,NA,NA,15.56,1
1868-07-11,NA,"empty","empty",NA,NA
1868-07-11 07:00:00,180,NA,NA,29.44,1
1868-07-11 14:00:00,315,NA,NA,37.78,2
1868-07-11 21:00:00,180,NA,NA,26.67,1
1868-07-12,NA,"empty","empty",NA,NA
1868-07-12 07:00:00,270,NA,NA,32.22,2
1868-07-12 14:00:00,270,NA,NA,36.67,1
1868-07-12 21:00:00,315,NA,NA,33.33,5
1868-07-13,NA,"empty","empty",NA,NA
1868-07-13 07:00:00,315,NA,NA,30.56,2
1868-07-13 14:00:00,270,NA,NA,33.89,1
1868-07-13 21:00:00,45,NA,NA,23.89,1
1868-07-14,NA,"empty","empty",NA,NA
1868-07-14 07:00:00,315,NA,NA,32.22,2
1868-07-14 14:00:00,0,NA,NA,34.44,5
1868-07-14 21:00:00,315,NA,NA,28.33,5
1868-07-15,NA,"empty","empty",NA,NA
1868-07-15 07:00:00,0,NA,NA,22.22,5
1868-07-15 14:00:00,180,NA,NA,25.56,1
1868-07-15 21:00:00,0,NA,NA,20,5
1868-07-16,NA,"empty","empty",NA,NA
1868-07-16 07:00:00,135,NA,NA,26.67,1
1868-07-16 14:00:00,135,NA,NA,29.44,1
1868-07-16 21:00:00,180,NA,NA,22.22,2
1868-07-17,NA,"empty","empty",NA,NA
1868-07-17 07:00:00,135,NA,NA,27.78,1
1868-07-17 14:00:00,45,NA,NA,29.44,1
1868-07-17 21:00:00,45,NA,NA,25.56,1
1868-07-18,NA,"3 am","9 pm",NA,NA
1868-07-18 07:00:00,45,NA,NA,16.67,2
1868-07-18 14:00:00,315,NA,NA,18.33,1
1868-07-18 21:00:00,45,NA,NA,15.56,2
1868-07-19,NA,"empty","empty",NA,NA
1868-07-19 07:00:00,315,NA,NA,18.33,2
1868-07-19 14:00:00,180,NA,NA,22.78,2
1868-07-19 21:00:00,90,NA,NA,16.67,1
1868-07-20,NA,"empty","empty",NA,NA
1868-07-20 07:00:00,315,NA,NA,15,1
1868-07-20 14:00:00,180,NA,NA,23.89,2
1868-07-20 21:00:00,180,NA,NA,22.22,2
1868-07-21,NA,"empty","empty",NA,NA
1868-07-21 07:00:00,315,NA,NA,26.67,2
1868-07-21 14:00:00,315,NA,NA,29.44,2
1868-07-21 21:00:00,0,NA,NA,12.78,11
1868-07-22,NA,"empty","empty",NA,NA
1868-07-22 07:00:00,0,NA,NA,12.78,5
1868-07-22 14:00:00,180,NA,NA,22.22,2
1868-07-22 21:00:00,135,NA,NA,15.56,2
1868-07-23,NA,"6 pm","8 pm",NA,NA
1868-07-23 07:00:00,180,NA,NA,15.56,2
1868-07-23 14:00:00,315,NA,NA,23.33,5
1868-07-23 21:00:00,270,NA,NA,16.67,5
1868-07-24,NA,"empty","empty",NA,NA
1868-07-24 07:00:00,315,NA,NA,14.44,5
1868-07-24 14:00:00,315,NA,NA,22.22,2
1868-07-24 21:00:00,315,NA,NA,15.56,2
1868-07-25,NA,"empty","empty",NA,NA
1868-07-25 07:00:00,292.5,NA,NA,15.56,5
1868-07-25 14:00:00,180,NA,NA,20.56,1
1868-07-25 21:00:00,0,NA,NA,15,2
1868-07-26,NA,"empty","empty",NA,NA
1868-07-26 07:00:00,315,NA,NA,16.67,1
1868-07-26 14:00:00,180,NA,NA,26.67,1
1868-07-26 21:00:00,180,NA,NA,21.11,1
1868-07-27,NA,"empty","empty",NA,NA
1868-07-27 07:00:00,180,NA,NA,22.22,2
1868-07-27 14:00:00,315,NA,NA,28.89,5
1868-07-27 21:00:00,180,NA,NA,22.78,1
1868-07-28,NA,"empty","empty",NA,NA
1868-07-28 07:00:00,180,NA,NA,21.11,5
1868-07-28 14:00:00,315,NA,NA,24.44,5
1868-07-28 21:00:00,315,NA,NA,18.33,2
1868-07-29,NA,"empty","empty",NA,NA
1868-07-29 07:00:00,270,NA,NA,20,5
1868-07-29 14:00:00,270,NA,NA,23.33,2
1868-07-29 21:00:00,0,NA,NA,18.33,2
1868-07-30,NA,"empty","empty",NA,NA
1868-07-30 07:00:00,270,NA,NA,20.56,1
1868-07-30 14:00:00,0,NA,NA,23.89,16
1868-07-30 21:00:00,270,NA,NA,15.56,2
1868-07-31,NA,"2 pm","5 pm",NA,NA
1868-07-31 07:00:00,270,NA,NA,17.22,1
1868-07-31 14:00:00,0,NA,NA,26.11,11
1868-07-31 21:00:00,90,NA,NA,18.33,2
1868-08-01,NA,"1 am","5 pm",NA,NA
1868-08-01 07:00:00,0,NA,NA,18.33,2
1868-08-01 14:00:00,0,NA,NA,21.11,5
1868-08-01 21:00:00,0,NA,NA,15.56,5
1868-08-02,NA,"1 pm","4 am",NA,NA
1868-08-02 07:00:00,315,NA,NA,15,2
1868-08-02 14:00:00,315,NA,NA,15.56,5
1868-08-02 21:00:00,315,NA,NA,14.44,5
1868-08-03 07:00:00,315,NA,NA,10,5
1868-08-03 14:00:00,315,NA,NA,18.33,2
1868-08-03 21:00:00,90,NA,NA,16.67,2
1868-08-04 07:00:00,315,NA,NA,15.56,2
1868-08-04 14:00:00,315,NA,NA,23.89,2
1868-08-04 21:00:00,90,NA,NA,15.56,2
1868-08-05 07:00:00,315,NA,NA,22.22,2
1868-08-05 14:00:00,270,NA,NA,26.67,2
1868-08-05 21:00:00,180,NA,NA,18.33,2
1868-08-06 07:00:00,270,NA,NA,21.67,2
1868-08-06 14:00:00,180,NA,NA,26.67,11
1868-08-06 21:00:00,180,NA,NA,20.56,5
1868-08-07 07:00:00,180,NA,NA,21.11,2
1868-08-07 14:00:00,225,NA,NA,26.67,5
1868-08-07 21:00:00,180,NA,NA,21.11,11
1868-08-08 07:00:00,180,NA,NA,22.22,2
1868-08-08 14:00:00,315,NA,NA,25,5
1868-08-08 21:00:00,180,NA,NA,15.56,2
1868-08-09,NA,"2 am","9 pm",NA,NA
1868-08-09 07:00:00,315,NA,NA,11.11,5
1868-08-09 14:00:00,315,NA,NA,10,11
1868-08-09 21:00:00,315,NA,NA,10,5
1868-08-10 07:00:00,315,NA,NA,10,5
1868-08-10 14:00:00,315,NA,NA,15,5
1868-08-10 21:00:00,180,NA,NA,10.56,2
1868-08-11 07:00:00,0,NA,NA,11.11,2
1868-08-11 14:00:00,315,NA,NA,15.56,5
1868-08-11 21:00:00,315,NA,NA,10,2
1868-08-12,NA,"10 pm",NA,NA,NA
1868-08-12 07:00:00,315,NA,NA,15.56,2
1868-08-12 14:00:00,270,NA,NA,12.22,2
1868-08-12 21:00:00,315,NA,NA,14.44,5
1868-08-13,NA,NA,"1 am",NA,NA
1868-08-13 07:00:00,315,NA,NA,15.56,2
1868-08-13 14:00:00,270,NA,NA,22.22,1
1868-08-13 21:00:00,180,NA,NA,16.67,1
1868-08-14 07:00:00,315,NA,NA,15.56,1
1868-08-14 14:00:00,270,NA,NA,19.44,5
1868-08-14 21:00:00,180,NA,NA,13.89,1
1868-08-15 07:00:00,0,NA,NA,12.78,2
1868-08-15 14:00:00,0,NA,NA,13.33,2
1868-08-15 21:00:00,0,NA,NA,8.89,5
1868-08-16 07:00:00,0,NA,NA,10,1
1868-08-16 14:00:00,315,NA,NA,8.89,1
1868-08-16 21:00:00,90,NA,NA,9.44,1
1868-08-17 07:00:00,180,NA,NA,18.33,2
1868-08-17 14:00:00,180,NA,NA,22.22,2
1868-08-17 21:00:00,180,NA,NA,20,5
1868-08-18,NA,"6 am",NA,NA,NA
1868-08-18 07:00:00,180,NA,NA,14.44,2
1868-08-18 14:00:00,180,NA,NA,19.44,5
1868-08-18 21:00:00,180,NA,NA,12.22,2
1868-08-19,NA,NA,"5 pm",NA,NA
1868-08-19 07:00:00,0,NA,NA,10,2
1868-08-19 14:00:00,0,NA,NA,12.78,2
1868-08-19 21:00:00,0,NA,NA,10.56,5
1868-08-20 07:00:00,0,NA,NA,10,2
1868-08-20 14:00:00,0,NA,NA,15,2
1868-08-20 21:00:00,45,NA,NA,15,5
1868-08-21 07:00:00,0,NA,NA,11.11,2
1868-08-21 14:00:00,315,NA,NA,19.44,5
1868-08-21 21:00:00,180,NA,NA,13.89,5
1868-08-22 07:00:00,270,NA,NA,18.33,2
1868-08-22 14:00:00,270,NA,NA,22.22,2
1868-08-22 21:00:00,90,NA,NA,20.56,5
1868-08-23 07:00:00,270,NA,NA,23.89,1
1868-08-23 14:00:00,270,NA,NA,26.67,2
1868-08-23 21:00:00,90,NA,NA,23.89,2
1868-08-24 07:00:00,270,NA,NA,23.89,2
1868-08-24 14:00:00,45,NA,NA,25,5
1868-08-24 21:00:00,45,NA,NA,15.56,2
1868-08-25 07:00:00,225,NA,NA,21.11,2
1868-08-25 14:00:00,225,NA,NA,22.22,5
1868-08-25 21:00:00,0,NA,NA,16.11,2
1868-08-26 07:00:00,0,NA,NA,13.33,1
1868-08-26 14:00:00,0,NA,NA,16.67,2
1868-08-26 21:00:00,0,NA,NA,9.44,2
1868-08-27 07:00:00,180,NA,NA,15.56,1
1868-08-27 14:00:00,180,NA,NA,22.22,5
1868-08-27 21:00:00,180,NA,NA,14.44,5
1868-08-28 07:00:00,180,NA,NA,21.11,1
1868-08-28 14:00:00,180,NA,NA,26.11,2
1868-08-28 21:00:00,90,NA,NA,19.44,5
1868-08-29,NA,"2 pm","7 pm",NA,NA
1868-08-29 07:00:00,180,NA,NA,20.56,5
1868-08-29 14:00:00,315,NA,NA,20.56,5
1868-08-29 21:00:00,315,NA,NA,15,11
1868-08-30 07:00:00,0,NA,NA,12.78,2
1868-08-30 14:00:00,315,NA,NA,19.44,5
1868-08-30 21:00:00,315,NA,NA,8.33,1
1868-08-31 07:00:00,315,NA,NA,7.22,1
1868-08-31 14:00:00,315,NA,NA,13.89,2
1868-08-31 21:00:00,315,NA,NA,10.56,2
1868-09-01,NA,"empty","empty",NA,NA
1868-09-01 07:00:00,315,NA,NA,11.11,1
1868-09-01 14:00:00,315,NA,NA,16.11,2
1868-09-01 21:00:00,315,NA,NA,11.67,1
1868-09-02,NA,"empty","empty",NA,NA
1868-09-02 07:00:00,180,NA,NA,13.89,2
1868-09-02 14:00:00,180,NA,NA,22.22,2
1868-09-02 21:00:00,90,NA,NA,12.78,1
1868-09-03,NA,"8 pm","empty",NA,NA
1868-09-03 07:00:00,180,NA,NA,12.78,2
1868-09-03 14:00:00,180,NA,NA,20.56,5
1868-09-03 21:00:00,180,NA,NA,15.56,5
1868-09-04,NA,"empty","5 am",NA,NA
1868-09-04 07:00:00,180,NA,NA,15.56,2
1868-09-04 14:00:00,180,NA,NA,23.89,2
1868-09-04 21:00:00,270,NA,NA,13.89,2
1868-09-05,NA,"empty","empty",NA,NA
1868-09-05 07:00:00,315,NA,NA,13.89,5
1868-09-05 14:00:00,315,NA,NA,16.11,5
1868-09-05 21:00:00,315,NA,NA,13.89,5
1868-09-06,NA,"empty","empty",NA,NA
1868-09-06 07:00:00,0,NA,NA,16.11,5
1868-09-06 14:00:00,0,NA,NA,19.44,5
1868-09-06 21:00:00,0,NA,NA,8.33,5
1868-09-07,NA,"empty","empty",NA,NA
1868-09-07 07:00:00,90,NA,NA,13.89,2
1868-09-07 14:00:00,90,NA,NA,15.56,2
1868-09-07 21:00:00,180,NA,NA,9.44,1
1868-09-08,NA,"4 pm","empty",NA,NA
1868-09-08 07:00:00,180,NA,NA,16.67,2
1868-09-08 14:00:00,180,NA,NA,18.33,2
1868-09-08 21:00:00,90,NA,NA,13.89,5
1868-09-09,NA,"empty","2 am",NA,NA
1868-09-09 07:00:00,315,NA,NA,10,2
1868-09-09 14:00:00,315,NA,NA,12.78,2
1868-09-09 21:00:00,135,NA,NA,10,1
1868-09-10,NA,"empty","empty",NA,NA
1868-09-10 07:00:00,180,NA,NA,12.78,2
1868-09-10 14:00:00,180,NA,NA,22.22,2
1868-09-10 21:00:00,180,NA,NA,16.67,5
1868-09-11,NA,"empty","empty",NA,NA
1868-09-11 07:00:00,0,NA,NA,11.11,2
1868-09-11 14:00:00,0,NA,NA,13.89,5
1868-09-11 21:00:00,0,NA,NA,7.22,5
1868-09-12,NA,"8 pm","12 pm",NA,NA
1868-09-12 07:00:00,180,NA,NA,7.22,2
1868-09-12 14:00:00,180,NA,NA,19.44,2
1868-09-12 21:00:00,225,NA,NA,17.78,5
1868-09-13,NA,"empty","empty",NA,NA
1868-09-13 07:00:00,292.5,NA,NA,10,2
1868-09-13 14:00:00,315,NA,NA,13.89,5
1868-09-13 21:00:00,270,NA,NA,11.11,11
1868-09-14,NA,"empty","empty",NA,NA
1868-09-14 07:00:00,315,NA,NA,8.33,2
1868-09-14 14:00:00,315,NA,NA,12.78,1
1868-09-14 21:00:00,315,NA,NA,11.11,1
1868-09-15,NA,"3 pm","empty",NA,NA
1868-09-15 07:00:00,90,NA,NA,7.22,2
1868-09-15 14:00:00,180,NA,NA,12.22,5
1868-09-15 21:00:00,225,NA,NA,12.78,11
1868-09-16,NA,"empty","4 am",NA,NA
1868-09-16 07:00:00,315,NA,NA,1.67,5
1868-09-16 14:00:00,315,NA,NA,2.78,11
1868-09-16 21:00:00,315,NA,NA,1.11,11
1868-09-17,NA,"empty","empty",NA,NA
1868-09-17 07:00:00,270,NA,NA,1.11,5
1868-09-17 14:00:00,270,NA,NA,10,2
1868-09-17 21:00:00,225,NA,NA,7.22,5
1868-09-18,NA,"empty","empty",NA,NA
1868-09-18 07:00:00,270,NA,NA,11.11,5
1868-09-18 14:00:00,270,NA,NA,15.56,5
1868-09-18 21:00:00,270,NA,NA,10,5
1868-09-19,NA,"2 pm","7 pm",NA,NA
1868-09-19 07:00:00,180,NA,NA,12.22,2
1868-09-19 14:00:00,180,NA,NA,15,2
1868-09-19 21:00:00,180,NA,NA,9.44,2
1868-09-20,NA,"empty","empty",NA,NA
1868-09-20 07:00:00,315,NA,NA,6.67,5
1868-09-20 14:00:00,315,NA,NA,1.11,11
1868-09-20 21:00:00,0,NA,NA,4.44,5
1868-09-21,NA,"empty","empty",NA,NA
1868-09-21 07:00:00,180,NA,NA,4.44,2
1868-09-21 14:00:00,180,NA,NA,8.89,5
1868-09-21 21:00:00,180,NA,NA,4.44,5
1868-09-22,NA,"9 pm","empty",NA,NA
1868-09-22 07:00:00,180,NA,NA,5,5
1868-09-22 14:00:00,180,NA,NA,12.22,11
1868-09-22 21:00:00,180,NA,NA,10,11
1868-09-23,NA,"empty","5 am",NA,NA
1868-09-23 07:00:00,270,NA,NA,13.33,5
1868-09-23 14:00:00,270,NA,NA,5,2
1868-09-23 21:00:00,315,NA,NA,0,2
1868-09-24,NA,"7 pm","empty",NA,NA
1868-09-24 07:00:00,270,NA,NA,5,2
1868-09-24 14:00:00,270,NA,NA,1.11,2
1868-09-24 21:00:00,270,NA,NA,2.22,2
1868-09-25,NA,"empty","11 pm",NA,NA
1868-09-25 07:00:00,315,NA,NA,1.11,2
1868-09-25 14:00:00,270,NA,NA,7.22,2
1868-09-25 21:00:00,270,NA,NA,1.11,1
1868-09-26,NA,"empty","empty",NA,NA
1868-09-26 07:00:00,270,NA,NA,5,2
1868-09-26 14:00:00,270,NA,NA,6.67,5
1868-09-26 21:00:00,180,NA,NA,5.56,5
1868-09-27,NA,"9 pm","empty",NA,NA
1868-09-27 07:00:00,180,NA,NA,8.89,5
1868-09-27 14:00:00,180,NA,NA,9.44,5
1868-09-27 21:00:00,180,NA,NA,9.44,5
1868-09-28,NA,"empty","8 am",NA,NA
1868-09-28 07:00:00,315,NA,NA,7.22,5
1868-09-28 14:00:00,315,NA,NA,9.44,5
1868-09-28 21:00:00,315,NA,NA,3.89,1
1868-09-29,NA,"empty","empty",NA,NA
1868-09-29 07:00:00,315,NA,NA,1.11,5
1868-09-29 14:00:00,315,NA,NA,3.33,5
1868-09-29 21:00:00,315,NA,NA,0.56,2
1868-09-30,NA,"empty","empty",NA,NA
1868-09-30 07:00:00,270,NA,NA,1.11,2
1868-09-30 14:00:00,315,NA,NA,1.11,11
1868-09-30 21:00:00,315,NA,NA,0.56,11
1868-10-01 07:00:00,0,NA,NA,1.11,2
1868-10-01 14:00:00,315,NA,NA,2.78,2
1868-10-01 21:00:00,315,NA,NA,1.11,2
1868-10-02 07:00:00,315,NA,NA,-0.56,2
1868-10-02 14:00:00,315,NA,NA,1.11,5
1868-10-02 21:00:00,315,NA,NA,0,2
1868-10-03 07:00:00,157.5,NA,NA,5,1
1868-10-03 14:00:00,270,NA,NA,8.89,2
1868-10-03 21:00:00,90,NA,NA,3.33,2
1868-10-04,NA,"7 pm",NA,NA,NA
1868-10-04 07:00:00,225,NA,NA,8.89,5
1868-10-04 14:00:00,225,NA,NA,15,11
1868-10-04 21:00:00,225,NA,NA,7.22,11
1868-10-05,NA,NA,"5 am",NA,NA
1868-10-05 07:00:00,270,NA,NA,7.22,2
1868-10-05 14:00:00,315,NA,NA,11.11,11
1868-10-05 21:00:00,315,NA,NA,2.22,11
1868-10-06 07:00:00,315,NA,NA,0.56,2
1868-10-06 14:00:00,315,NA,NA,4.44,2
1868-10-06 21:00:00,135,NA,NA,2.22,2
1868-10-07,NA,"4 am",NA,NA,NA
1868-10-07 07:00:00,180,NA,NA,4.44,2
1868-10-07 14:00:00,180,NA,NA,7.22,2
1868-10-07 21:00:00,315,NA,NA,2.22,11
1868-10-08,NA,NA,"6 pm",NA,NA
1868-10-08 07:00:00,315,NA,NA,-3.89,11
1868-10-08 14:00:00,315,NA,NA,-3.33,11
1868-10-08 21:00:00,225,NA,NA,-1.67,11
1868-10-09,NA,"2 pm",NA,NA,NA
1868-10-09 07:00:00,180,NA,NA,-1.11,2
1868-10-09 14:00:00,180,NA,NA,4.44,11
1868-10-09 21:00:00,180,NA,NA,-0.56,5
1868-10-10 07:00:00,180,NA,NA,4.44,5
1868-10-10 14:00:00,180,NA,NA,7.22,5
1868-10-10 21:00:00,180,NA,NA,6.67,11
1868-10-11,NA,NA,"2 pm",NA,NA
1868-10-11 07:00:00,180,NA,NA,7.22,5
1868-10-11 14:00:00,315,NA,NA,3.33,11
1868-10-11 21:00:00,315,NA,NA,3.33,11
1868-10-12 07:00:00,315,NA,NA,1.11,11
1868-10-12 14:00:00,315,NA,NA,1.11,11
1868-10-12 21:00:00,315,NA,NA,1.11,11
1868-10-13 07:00:00,270,NA,NA,1.67,5
1868-10-13 14:00:00,315,NA,NA,2.22,5
1868-10-13 21:00:00,270,NA,NA,1.11,2
1868-10-14 07:00:00,270,NA,NA,3.33,2
1868-10-14 14:00:00,225,NA,NA,10,5
1868-10-14 21:00:00,225,NA,NA,7.22,11
1868-10-15,NA,"5 am","7 pm",NA,NA
1868-10-15 07:00:00,225,NA,NA,7.22,2
1868-10-15 14:00:00,315,NA,NA,1.11,11
1868-10-15 21:00:00,0,NA,NA,-1.67,11
1868-10-16 07:00:00,0,NA,NA,-3.89,5
1868-10-16 14:00:00,0,NA,NA,-2.22,5
1868-10-16 21:00:00,0,NA,NA,-5,5
1868-10-17 07:00:00,0,NA,NA,-3.89,5
1868-10-17 14:00:00,0,NA,NA,-3.89,11
1868-10-17 21:00:00,0,NA,NA,-3.89,2
1868-10-18 07:00:00,315,NA,NA,0,5
1868-10-18 14:00:00,270,NA,NA,3.33,2
1868-10-18 21:00:00,225,NA,NA,3.33,2
1868-10-19,NA,"12 pm","2 pm",NA,NA
1868-10-19 07:00:00,225,NA,NA,1.67,2
1868-10-19 14:00:00,315,NA,NA,3.33,2
1868-10-19 21:00:00,315,NA,NA,-2.22,11
1868-10-20 07:00:00,0,NA,NA,-4.44,2
1868-10-20 14:00:00,315,NA,NA,-1.11,2
1868-10-20 21:00:00,45,NA,NA,-7.22,1
1868-10-21 07:00:00,0,NA,NA,-7.22,1
1868-10-21 14:00:00,315,NA,NA,-1.11,1
1868-10-21 21:00:00,0,NA,NA,-3.89,1
1868-10-22 07:00:00,0,NA,NA,-4.44,1
1868-10-22 14:00:00,0,NA,NA,-1.11,2
1868-10-22 21:00:00,0,NA,NA,-4.44,1
1868-10-23 07:00:00,225,NA,NA,-3.89,2
1868-10-23 14:00:00,225,NA,NA,1.67,5
1868-10-23 21:00:00,225,NA,NA,-5,11
1868-10-24 07:00:00,225,NA,NA,1.67,2
1868-10-24 14:00:00,225,NA,NA,3.33,5
1868-10-24 21:00:00,225,NA,NA,3.33,2
1868-10-25 07:00:00,225,NA,NA,2.78,1
1868-10-25 14:00:00,315,NA,NA,3.33,2
1868-10-25 21:00:00,315,NA,NA,0.56,2
1868-10-26 07:00:00,270,NA,NA,-2.78,1
1868-10-26 14:00:00,270,NA,NA,0,1
1868-10-26 21:00:00,180,NA,NA,1.67,5
1868-10-27,NA,"6 pm","empty",NA,NA
1868-10-27 07:00:00,180,NA,NA,3.33,2
1868-10-27 14:00:00,180,NA,NA,8.89,16
1868-10-27 21:00:00,315,NA,NA,0,11
1868-10-28,NA,NA,"4 pm",NA,NA
1868-10-28 07:00:00,0,NA,NA,-5.56,11
1868-10-28 14:00:00,0,NA,NA,-4.44,11
1868-10-28 21:00:00,0,NA,NA,-6.67,5
1868-10-29 07:00:00,0,NA,NA,-8.89,1
1868-10-29 14:00:00,0,NA,NA,-1.11,2
1868-10-29 21:00:00,0,NA,NA,-3.89,2
1868-10-30,NA,"12 pm",NA,NA,NA
1868-10-30 07:00:00,135,NA,NA,-7.78,5
1868-10-30 14:00:00,135,NA,NA,1.67,5
1868-10-30 21:00:00,180,NA,NA,0,11
1868-10-31,NA,NA,"12 am",NA,NA
1868-10-31 07:00:00,180,NA,NA,1.67,5
1868-10-31 14:00:00,180,NA,NA,4.44,5
1868-10-31 21:00:00,315,NA,NA,0,11
1868-11-01,NA,"empty","empty",NA,NA
1868-11-01 07:00:00,315,NA,NA,-2.22,2
1868-11-01 14:00:00,315,NA,NA,-2.22,2
1868-11-01 21:00:00,315,NA,NA,-5,2
1868-11-02,NA,"empty","empty",NA,NA
1868-11-02 07:00:00,180,NA,NA,-8.33,1
1868-11-02 14:00:00,180,NA,NA,0,2
1868-11-02 21:00:00,180,NA,NA,-5,5
1868-11-03,NA,"empty","empty",NA,NA
1868-11-03 07:00:00,180,NA,NA,1.67,5
1868-11-03 14:00:00,180,NA,NA,6.11,5
1868-11-03 21:00:00,315,NA,NA,1.67,5
1868-11-04,NA,"empty","empty",NA,NA
1868-11-04 07:00:00,180,NA,NA,-4.44,1
1868-11-04 14:00:00,180,NA,NA,2.78,1
1868-11-04 21:00:00,225,NA,NA,-1.11,2
1868-11-05,NA,"empty","empty",NA,NA
1868-11-05 07:00:00,315,NA,NA,-0.56,2
1868-11-05 14:00:00,315,NA,NA,-1.67,5
1868-11-05 21:00:00,315,NA,NA,-6.67,11
1868-11-06,NA,"empty","empty",NA,NA
1868-11-06 07:00:00,315,NA,NA,-6.67,5
1868-11-06 14:00:00,315,NA,NA,-4.44,5
1868-11-06 21:00:00,315,NA,NA,-6.67,2
1868-11-07,NA,"empty","empty",NA,NA
1868-11-07 07:00:00,180,NA,NA,-6.67,2
1868-11-07 14:00:00,180,NA,NA,0,1
1868-11-07 21:00:00,180,NA,NA,-3.89,2
1868-11-08,NA,"empty","empty",NA,NA
1868-11-08 07:00:00,135,NA,NA,-5,1
1868-11-08 14:00:00,135,NA,NA,0.56,1
1868-11-08 21:00:00,135,NA,NA,-2.22,1
1868-11-09,NA,"empty","empty",NA,NA
1868-11-09 07:00:00,0,NA,NA,-5.56,2
1868-11-09 14:00:00,0,NA,NA,-1.11,2
1868-11-09 21:00:00,45,NA,NA,-6.67,5
1868-11-10,NA,"6 pm","12 pm",NA,NA
1868-11-10 07:00:00,45,NA,NA,-5,5
1868-11-10 14:00:00,112.5,NA,NA,-1.11,5
1868-11-10 21:00:00,112.5,NA,NA,-2.78,5
1868-11-11,NA,"empty","empty",NA,NA
1868-11-11 07:00:00,315,NA,NA,-6.67,2
1868-11-11 14:00:00,315,NA,NA,0,5
1868-11-11 21:00:00,315,NA,NA,-6.11,2
1868-11-12,NA,"empty","empty",NA,NA
1868-11-12 07:00:00,315,NA,NA,-9.44,11
1868-11-12 14:00:00,180,NA,NA,-7.22,2
1868-11-12 21:00:00,180,NA,NA,-5,5
1868-11-13,NA,"empty","empty",NA,NA
1868-11-13 07:00:00,225,NA,NA,-1.11,2
1868-11-13 14:00:00,270,NA,NA,3.33,5
1868-11-13 21:00:00,315,NA,NA,-6.67,11
1868-11-14,NA,"empty","empty",NA,NA
1868-11-14 07:00:00,0,NA,NA,-15,2
1868-11-14 14:00:00,315,NA,NA,-9.44,2
1868-11-14 21:00:00,270,NA,NA,-9.44,2
1868-11-15,NA,"empty","empty",NA,NA
1868-11-15 07:00:00,0,NA,NA,-8.33,1
1868-11-15 14:00:00,0,NA,NA,-1.67,1
1868-11-15 21:00:00,315,NA,NA,-8.33,2
1868-11-16,NA,"empty","empty",NA,NA
1868-11-16 07:00:00,90,NA,NA,-13.89,2
1868-11-16 14:00:00,90,NA,NA,-1.11,2
1868-11-16 21:00:00,135,NA,NA,-7.22,5
1868-11-17,NA,"4 pm","empty",NA,NA
1868-11-17 07:00:00,90,NA,NA,-6.67,5
1868-11-17 14:00:00,90,NA,NA,-0.56,11
1868-11-17 21:00:00,90,NA,NA,-3.89,11
1868-11-18,NA,"empty","empty",NA,NA
1868-11-18 07:00:00,135,NA,NA,-4.44,2
1868-11-18 14:00:00,135,NA,NA,0.56,2
1868-11-18 21:00:00,90,NA,NA,-2.22,2
1868-11-19,NA,"empty","10 am",NA,NA
1868-11-19 07:00:00,90,NA,NA,-6.67,2
1868-11-19 14:00:00,45,NA,NA,-1.11,2
1868-11-19 21:00:00,0,NA,NA,-7.22,1
1868-11-20,NA,"empty","empty",NA,NA
1868-11-20 07:00:00,0,NA,NA,-6.67,2
1868-11-20 14:00:00,0,NA,NA,1.67,2
1868-11-20 21:00:00,315,NA,NA,-1.11,5
1868-11-21,NA,"empty","empty",NA,NA
1868-11-21 07:00:00,315,NA,NA,-7.22,2
1868-11-21 14:00:00,315,NA,NA,3.33,5
1868-11-21 21:00:00,315,NA,NA,-6.67,5
1868-11-22,NA,"empty","empty",NA,NA
1868-11-22 07:00:00,315,NA,NA,-6.67,2
1868-11-22 14:00:00,315,NA,NA,-3.89,2
1868-11-22 21:00:00,315,NA,NA,-5,2
1868-11-23,NA,"empty","empty",NA,NA
1868-11-23 07:00:00,180,NA,NA,-6.67,2
1868-11-23 14:00:00,180,NA,NA,1.67,5
1868-11-23 21:00:00,225,NA,NA,-1.11,2
1868-11-24,NA,"empty","empty",NA,NA
1868-11-24 07:00:00,225,NA,NA,-3.89,2
1868-11-24 14:00:00,225,NA,NA,2.78,2
1868-11-24 21:00:00,225,NA,NA,-1.67,2
1868-11-25,NA,"6 am","empty",NA,NA
1868-11-25 07:00:00,225,NA,NA,-1.11,5
1868-11-25 14:00:00,225,NA,NA,3.33,11
1868-11-25 21:00:00,270,NA,NA,0.56,5
1868-11-26,NA,"empty","9 am",NA,NA
1868-11-26 07:00:00,315,NA,NA,1.11,5
1868-11-26 14:00:00,315,NA,NA,-2.78,5
1868-11-26 21:00:00,292.5,NA,NA,-6.67,11
1868-11-27,NA,"empty","empty",NA,NA
1868-11-27 07:00:00,315,NA,NA,-13.89,2
1868-11-27 14:00:00,315,NA,NA,-11.11,2
1868-11-27 21:00:00,180,NA,NA,-13.89,5
1868-11-28,NA,"7 am","4 pm",NA,NA
1868-11-28 07:00:00,180,NA,NA,-6.67,2
1868-11-28 14:00:00,180,NA,NA,-1.67,2
1868-11-28 21:00:00,315,NA,NA,-6.67,11
1868-11-29,NA,"empty","empty",NA,NA
1868-11-29 07:00:00,0,NA,NA,-12.22,2
1868-11-29 14:00:00,0,NA,NA,-7.22,2
1868-11-29 21:00:00,0,NA,NA,-11.67,2
1868-11-30,NA,"empty","empty",NA,NA
1868-11-30 07:00:00,315,NA,NA,-12.22,5
1868-11-30 14:00:00,315,NA,NA,-11.67,5
1868-11-30 21:00:00,0,NA,NA,-16.67,5
1868-12-01,NA,"empty","empty",NA,NA
1868-12-01 07:00:00,315,NA,NA,-22.22,5
1868-12-01 14:00:00,315,NA,NA,-11.11,5
1868-12-01 21:00:00,315,NA,NA,-12.78,5
1868-12-02,NA,"empty","empty",NA,NA
1868-12-02 07:00:00,315,NA,NA,-16.11,2
1868-12-02 14:00:00,315,NA,NA,-11.11,2
1868-12-02 21:00:00,315,NA,NA,-11.67,2
1868-12-03,NA,"empty","empty",NA,NA
1868-12-03 07:00:00,315,NA,NA,-12.22,1
1868-12-03 14:00:00,315,NA,NA,-9.44,2
1868-12-03 21:00:00,315,NA,NA,-9.44,2
1868-12-04,NA,"empty","empty",NA,NA
1868-12-04 07:00:00,315,NA,NA,-12.22,1
1868-12-04 14:00:00,315,NA,NA,-8.89,1
1868-12-04 21:00:00,315,NA,NA,-12.22,2
1868-12-05,NA,"empty","empty",NA,NA
1868-12-05 07:00:00,180,NA,NA,-17.78,1
1868-12-05 14:00:00,135,NA,NA,-11.11,1
1868-12-05 21:00:00,315,NA,NA,-12.22,1
1868-12-06,NA,"empty","empty",NA,NA
1868-12-06 07:00:00,180,NA,NA,-15,1
1868-12-06 14:00:00,180,NA,NA,-11.11,1
1868-12-06 21:00:00,315,NA,NA,-17.78,1
1868-12-07,NA,"5 pm","empty",NA,NA
1868-12-07 07:00:00,90,NA,NA,-23.33,1
1868-12-07 14:00:00,180,NA,NA,-10.56,2
1868-12-07 21:00:00,45,NA,NA,-12.22,2
1868-12-08,NA,"empty","empty",NA,NA
1868-12-08 07:00:00,0,NA,NA,-12.22,11
1868-12-08 14:00:00,337.5,NA,NA,-13.89,11
1868-12-08 21:00:00,315,NA,NA,-23.33,16
1868-12-09,NA,"empty","6 am",NA,NA
1868-12-09 07:00:00,315,NA,NA,-26.11,11
1868-12-09 14:00:00,337.5,NA,NA,-24.44,5
1868-12-09 21:00:00,315,NA,NA,-23.33,11
1868-12-10,NA,"empty","empty",NA,NA
1868-12-10 07:00:00,315,NA,NA,-21.67,11
1868-12-10 14:00:00,315,NA,NA,-19.44,5
1868-12-10 21:00:00,315,NA,NA,-23.33,2
1868-12-11,NA,"empty","empty",NA,NA
1868-12-11 07:00:00,270,NA,NA,-21.67,1
1868-12-11 14:00:00,270,NA,NA,-13.33,2
1868-12-11 21:00:00,270,NA,NA,-19.44,5
1868-12-12,NA,"empty","empty",NA,NA
1868-12-12 07:00:00,270,NA,NA,-15.56,5
1868-12-12 14:00:00,270,NA,NA,-13.89,11
1868-12-12 21:00:00,270,NA,NA,-12.22,11
1868-12-13,NA,"empty","empty",NA,NA
1868-12-13 07:00:00,270,NA,NA,-12.78,2
1868-12-13 14:00:00,270,NA,NA,-8.89,2
1868-12-13 21:00:00,270,NA,NA,-6.67,5
1868-12-14,NA,"empty","empty",NA,NA
1868-12-14 07:00:00,180,NA,NA,-9.44,2
1868-12-14 14:00:00,180,NA,NA,-3.89,5
1868-12-14 21:00:00,0,NA,NA,-15,5
1868-12-15,NA,"empty","empty",NA,NA
1868-12-15 07:00:00,0,NA,NA,-20,2
1868-12-15 14:00:00,225,NA,NA,-12.22,2
1868-12-15 21:00:00,135,NA,NA,-11.11,2
1868-12-16,NA,"3 pm","empty",NA,NA
1868-12-16 07:00:00,180,NA,NA,-12.78,2
1868-12-16 14:00:00,180,NA,NA,-5.56,2
1868-12-16 21:00:00,135,NA,NA,-2.78,5
1868-12-17,NA,"empty","empty",NA,NA
1868-12-17 07:00:00,180,NA,NA,-1.67,2
1868-12-17 14:00:00,270,NA,NA,-1.11,11
1868-12-17 21:00:00,0,NA,NA,-8.33,16
1868-12-18,NA,"empty","6 am",NA,NA
1868-12-18 07:00:00,0,NA,NA,-17.78,11
1868-12-18 14:00:00,315,NA,NA,-18.89,11
1868-12-18 21:00:00,270,NA,NA,-25,1
1868-12-19,NA,"12 pm","empty",NA,NA
1868-12-19 07:00:00,180,NA,NA,-31.67,2
1868-12-19 14:00:00,180,NA,NA,-15,5
1868-12-19 21:00:00,180,NA,NA,-16.11,11
1868-12-20,NA,"empty","8 pm",NA,NA
1868-12-20 07:00:00,135,NA,NA,-12.22,5
1868-12-20 14:00:00,135,NA,NA,-9.44,5
1868-12-20 21:00:00,135,NA,NA,-9.44,2
1868-12-21,NA,"empty","empty",NA,NA
1868-12-21 07:00:00,45,NA,NA,-12.22,2
1868-12-21 14:00:00,0,NA,NA,-11.67,2
1868-12-21 21:00:00,315,NA,NA,-16.67,2
1868-12-22,NA,"empty","empty",NA,NA
1868-12-22 07:00:00,315,NA,NA,-19.44,2
1868-12-22 14:00:00,315,NA,NA,-17.78,5
1868-12-22 21:00:00,315,NA,NA,-20,5
1868-12-23,NA,"empty","empty",NA,NA
1868-12-23 07:00:00,315,NA,NA,-28.33,5
1868-12-23 14:00:00,315,NA,NA,-26.67,5
1868-12-23 21:00:00,315,NA,NA,-30,5
1868-12-24,NA,"9 pm","empty",NA,NA
1868-12-24 07:00:00,180,NA,NA,-34.44,2
1868-12-24 14:00:00,180,NA,NA,-20.56,2
1868-12-24 21:00:00,180,NA,NA,-19.44,2
1868-12-25,NA,"empty","6 am",NA,NA
1868-12-25 07:00:00,0,NA,NA,-17.78,2
1868-12-25 14:00:00,0,NA,NA,-16.67,2
1868-12-25 21:00:00,0,NA,NA,-20.56,2
1868-12-26,NA,"empty","empty",NA,NA
1868-12-26 07:00:00,180,NA,NA,-23.33,1
1868-12-26 14:00:00,180,NA,NA,-15.56,1
1868-12-26 21:00:00,180,NA,NA,-22.78,2
1868-12-27,NA,"empty","empty",NA,NA
1868-12-27 07:00:00,180,NA,NA,-13.89,2
1868-12-27 14:00:00,180,NA,NA,-13.33,2
1868-12-27 21:00:00,180,NA,NA,-10.56,5
1868-12-28,NA,"empty","empty",NA,NA
1868-12-28 07:00:00,270,NA,NA,-7.78,2
1868-12-28 14:00:00,315,NA,NA,-7.78,5
1868-12-28 21:00:00,225,NA,NA,-7.78,2
1868-12-29,NA,"empty","empty",NA,NA
1868-12-29 07:00:00,0,NA,NA,-11.11,2
1868-12-29 14:00:00,0,NA,NA,-21.67,1
1868-12-29 21:00:00,0,NA,NA,-28.89,1
1868-12-30,NA,"8 pm","empty",NA,NA
1868-12-30 07:00:00,180,NA,NA,-31.67,2
1868-12-30 14:00:00,180,NA,NA,-19.44,2
1868-12-30 21:00:00,180,NA,NA,-19.44,2
1868-12-31,NA,"empty","4 am",NA,NA
1868-12-31 07:00:00,0,NA,NA,-17.78,2
1868-12-31 14:00:00,0,NA,NA,-19.44,2
1868-12-31 21:00:00,0,NA,NA,-27.22,2
1869-01-01,NA,"empty","empty",NA,NA
1869-01-01 07:00:00,90,NA,NA,-33.89,1
1869-01-01 14:00:00,45,NA,NA,-21.11,2
1869-01-01 21:00:00,45,NA,NA,-23.33,5
1869-01-02 07:00:00,180,NA,NA,-19.44,5
1869-01-02 14:00:00,180,NA,NA,-15,2
1869-01-02 21:00:00,180,NA,NA,-15,5
1869-01-03,NA,"5 pm","empty",NA,NA
1869-01-03 07:00:00,180,NA,NA,-14.44,1
1869-01-03 14:00:00,180,NA,NA,-8.33,1
1869-01-03 21:00:00,180,NA,NA,-6.67,5
1869-01-04,NA,"empty","empty",NA,NA
1869-01-04 07:00:00,180,NA,NA,-1.67,2
1869-01-04 14:00:00,135,NA,NA,1.67,2
1869-01-04 21:00:00,135,NA,NA,2.78,11
1869-01-05,NA,"4 pm","empty",NA,NA
1869-01-05 07:00:00,315,NA,NA,-8.89,5
1869-01-05 14:00:00,315,NA,NA,-9.44,5
1869-01-05 21:00:00,315,NA,NA,-11.11,5
1869-01-06 07:00:00,270,NA,NA,-7.22,2
1869-01-06 14:00:00,270,NA,NA,-1.67,1
1869-01-06 21:00:00,270,NA,NA,-5,1
1869-01-07 07:00:00,225,NA,NA,-1.67,5
1869-01-07 14:00:00,225,NA,NA,1.67,2
1869-01-07 21:00:00,315,NA,NA,-5,11
1869-01-08,NA,"12 pm","empty",NA,NA
1869-01-08 07:00:00,315,NA,NA,-9.44,1
1869-01-08 14:00:00,315,NA,NA,-12.22,1
1869-01-08 21:00:00,315,NA,NA,-15.56,11
1869-01-09,NA,"empty","7 am",NA,NA
1869-01-09 07:00:00,180,NA,NA,-9.44,11
1869-01-09 14:00:00,270,NA,NA,-1.11,5
1869-01-09 21:00:00,315,NA,NA,-12.22,11
1869-01-10 07:00:00,0,NA,NA,-17.78,2
1869-01-10 14:00:00,315,NA,NA,-15.56,2
1869-01-10 21:00:00,180,NA,NA,-16.67,2
1869-01-11 07:00:00,0,NA,NA,-15.56,1
1869-01-11 14:00:00,225,NA,NA,-7.78,2
1869-01-11 21:00:00,180,NA,NA,-9.44,2
1869-01-12 07:00:00,315,NA,NA,-9.44,1
1869-01-12 14:00:00,315,NA,NA,-6.67,1
1869-01-12 21:00:00,180,NA,NA,-10.56,5
1869-01-13 07:00:00,180,NA,NA,-10.56,2
1869-01-13 14:00:00,180,NA,NA,-3.89,5
1869-01-13 21:00:00,180,NA,NA,-3.89,5
1869-01-14,NA,"4 pm","empty",NA,NA
1869-01-14 07:00:00,180,NA,NA,-5.56,2
1869-01-14 14:00:00,180,NA,NA,-0.56,2
1869-01-14 21:00:00,180,NA,NA,-4.44,2
1869-01-15,NA,"empty","9 am",NA,NA
1869-01-15 07:00:00,0,NA,NA,-12.22,5
1869-01-15 14:00:00,315,NA,NA,-12.78,5
1869-01-15 21:00:00,315,NA,NA,-16.11,5
1869-01-16 07:00:00,0,NA,NA,-17.78,1
1869-01-16 14:00:00,0,NA,NA,-13.33,1
1869-01-16 21:00:00,315,NA,NA,-12.22,1
1869-01-17 07:00:00,0,NA,NA,-29.44,1
1869-01-17 14:00:00,0,NA,NA,-18.89,1
1869-01-17 21:00:00,0,NA,NA,-28.89,1
1869-01-18 07:00:00,180,NA,NA,-28.89,1
1869-01-18 14:00:00,135,NA,NA,-8.89,2
1869-01-18 21:00:00,135,NA,NA,-12.22,2
1869-01-19,NA,"8 pm","empty",NA,NA
1869-01-19 07:00:00,180,NA,NA,-11.11,2
1869-01-19 14:00:00,135,NA,NA,-3.89,2
1869-01-19 21:00:00,135,NA,NA,-5.56,2
1869-01-20,NA,"empty","4 am",NA,NA
1869-01-20 07:00:00,315,NA,NA,-23.33,11
1869-01-20 14:00:00,315,NA,NA,-20.56,5
1869-01-20 21:00:00,315,NA,NA,-27.78,1
1869-01-21 07:00:00,0,NA,NA,-29.44,5
1869-01-21 14:00:00,0,NA,NA,-20.56,11
1869-01-21 21:00:00,0,NA,NA,-33.33,2
1869-01-22,NA,"6 pm","empty",NA,NA
1869-01-22 07:00:00,0,NA,NA,-34.44,2
1869-01-22 14:00:00,0,NA,NA,-27.78,5
1869-01-22 21:00:00,0,NA,NA,-20.56,2
1869-01-23,NA,"empty","6pm",NA,NA
1869-01-23 07:00:00,180,NA,NA,-11.11,5
1869-01-23 14:00:00,315,NA,NA,-12.78,2
1869-01-23 21:00:00,0,NA,NA,-23.33,1
1869-01-24 07:00:00,0,NA,NA,-30,2
1869-01-24 14:00:00,0,NA,NA,-22.78,2
1869-01-24 21:00:00,0,NA,NA,-35,1
1869-01-25 07:00:00,315,NA,NA,-31.67,1
1869-01-25 14:00:00,315,NA,NA,-20.56,2
1869-01-25 21:00:00,270,NA,NA,-16.67,5
1869-01-26 07:00:00,270,NA,NA,-23.33,2
1869-01-26 14:00:00,270,NA,NA,-20,5
1869-01-26 21:00:00,270,NA,NA,-12.78,11
1869-01-27 07:00:00,270,NA,NA,-9.44,2
1869-01-27 14:00:00,270,NA,NA,-3.89,5
1869-01-27 21:00:00,270,NA,NA,-6.67,5
1869-01-28,NA,"11 am","12 pm",NA,NA
1869-01-28 07:00:00,180,NA,NA,-10,2
1869-01-28 14:00:00,45,NA,NA,-3.89,5
1869-01-28 21:00:00,112.5,NA,NA,-6.11,5
1869-01-29 07:00:00,315,NA,NA,-20,1
1869-01-29 14:00:00,0,NA,NA,-15,2
1869-01-29 21:00:00,45,NA,NA,-19.44,2
1869-01-30 07:00:00,0,NA,NA,-20.56,2
1869-01-30 14:00:00,0,NA,NA,-15.56,5
1869-01-30 21:00:00,0,NA,NA,-17.78,2
1869-01-31,NA,"empty","empty",NA,NA
1869-01-31 07:00:00,0,NA,NA,-23.89,2
1869-01-31 14:00:00,0,NA,NA,-18.89,2
1869-01-31 21:00:00,0,NA,NA,-23.33,5
1869-02-01 07:00:00,315,NA,NA,-23.33,5
1869-02-01 14:00:00,315,NA,NA,-19.44,2
1869-02-01 21:00:00,315,NA,NA,-27.22,1
1869-02-02 07:00:00,180,NA,NA,-34.44,1
1869-02-02 14:00:00,45,NA,NA,-11.67,1
1869-02-02 21:00:00,180,NA,NA,-19.44,2
1869-02-03 07:00:00,0,NA,NA,-20.56,5
1869-02-03 14:00:00,0,NA,NA,-15,5
1869-02-03 21:00:00,0,NA,NA,-20.56,11
1869-02-04 07:00:00,0,NA,NA,-20.56,5
1869-02-04 14:00:00,0,NA,NA,-12.22,11
1869-02-04 21:00:00,0,NA,NA,-20,2
1869-02-05 07:00:00,0,NA,NA,-28.89,1
1869-02-05 14:00:00,180,NA,NA,-11.11,1
1869-02-05 21:00:00,180,NA,NA,-12.78,1
1869-02-06 07:00:00,315,NA,NA,-11.11,5
1869-02-06 14:00:00,0,NA,NA,-12.22,11
1869-02-06 21:00:00,0,NA,NA,-22.78,1
1869-02-07,NA,"12pm",NA,NA,NA
1869-02-07 07:00:00,135,NA,NA,-31.67,1
1869-02-07 14:00:00,225,NA,NA,-8.33,2
1869-02-07 21:00:00,225,NA,NA,-12.78,2
1869-02-08,NA,NA,"10am",NA,NA
1869-02-08 07:00:00,135,NA,NA,-10,2
1869-02-08 14:00:00,135,NA,NA,-2.22,2
1869-02-08 21:00:00,180,NA,NA,-6.67,2
1869-02-09,NA,"6am","5pm",NA,NA
1869-02-09 07:00:00,225,NA,NA,-9.44,2
1869-02-09 14:00:00,225,NA,NA,-1.11,2
1869-02-09 21:00:00,225,NA,NA,-5,2
1869-02-10,NA,"2pm","7pm",NA,NA
1869-02-10 07:00:00,180,NA,NA,-11.11,2
1869-02-10 14:00:00,180,NA,NA,-1.11,5
1869-02-10 21:00:00,225,NA,NA,-3.89,2
1869-02-11 07:00:00,135,NA,NA,-5,1
1869-02-11 14:00:00,135,NA,NA,0.56,5
1869-02-11 21:00:00,180,NA,NA,-4.44,5
1869-02-12,NA,"4am","6pm",NA,NA
1869-02-12 07:00:00,135,NA,NA,-4.44,2
1869-02-12 14:00:00,135,NA,NA,-0.56,5
1869-02-12 21:00:00,0,NA,NA,-10,5
1869-02-13 07:00:00,0,NA,NA,-18.89,1
1869-02-13 14:00:00,0,NA,NA,-12.22,2
1869-02-13 21:00:00,0,NA,NA,-23.33,1
1869-02-14 07:00:00,90,NA,NA,-32.78,2
1869-02-14 14:00:00,90,NA,NA,-19.44,5
1869-02-14 21:00:00,112.5,NA,NA,-19.44,5
1869-02-15 07:00:00,90,NA,NA,-18.89,2
1869-02-15 14:00:00,90,NA,NA,-10,5
1869-02-15 21:00:00,90,NA,NA,-12.22,5
1869-02-16 07:00:00,315,NA,NA,-17.78,2
1869-02-16 14:00:00,315,NA,NA,-11.11,2
1869-02-16 21:00:00,180,NA,NA,-15,2
1869-02-17 07:00:00,315,NA,NA,-11.11,5
1869-02-17 14:00:00,0,NA,NA,-19.44,5
1869-02-17 21:00:00,0,NA,NA,-9.44,11
1869-02-18 07:00:00,315,NA,NA,-40,1
1869-02-18 14:00:00,315,NA,NA,-21.67,1
1869-02-18 21:00:00,315,NA,NA,-26.67,1
1869-02-19,NA,"9pm","12pm",NA,NA
1869-02-19 07:00:00,315,NA,NA,-28.89,1
1869-02-19 14:00:00,315,NA,NA,-20.56,2
1869-02-19 21:00:00,135,NA,NA,-23.33,2
1869-02-20 07:00:00,315,NA,NA,-27.78,1
1869-02-20 14:00:00,315,NA,NA,-21.11,1
1869-02-20 21:00:00,0,NA,NA,-23.33,2
1869-02-21 07:00:00,315,NA,NA,-32.78,1
1869-02-21 14:00:00,315,NA,NA,-17.78,1
1869-02-21 21:00:00,315,NA,NA,-28.89,1
1869-02-22 07:00:00,315,NA,NA,-31.67,1
1869-02-22 14:00:00,270,NA,NA,-21.67,2
1869-02-22 21:00:00,180,NA,NA,-27.78,2
1869-02-23 07:00:00,315,NA,NA,-32.78,1
1869-02-23 14:00:00,0,NA,NA,-13.89,1
1869-02-23 21:00:00,45,NA,NA,-22.78,1
1869-02-24 07:00:00,315,NA,NA,-28.89,1
1869-02-24 14:00:00,315,NA,NA,-17.78,2
1869-02-24 21:00:00,135,NA,NA,-31.11,1
1869-02-25 07:00:00,180,NA,NA,-31.67,2
1869-02-25 14:00:00,225,NA,NA,-12.22,2
1869-02-25 21:00:00,315,NA,NA,-23.33,2
1869-02-26 07:00:00,315,NA,NA,-26.11,2
1869-02-26 14:00:00,315,NA,NA,-12.22,5
1869-02-26 21:00:00,0,NA,NA,-24.44,11
1869-02-27 07:00:00,0,NA,NA,-28.89,5
1869-02-27 14:00:00,0,NA,NA,-20,11
1869-02-27 21:00:00,0,NA,NA,-30,5
1869-02-28 07:00:00,90,NA,NA,-37.22,1
1869-02-28 14:00:00,0,NA,NA,-13.89,1
1869-02-28 21:00:00,45,NA,NA,-23.89,1
1869-03-01,NA,"8 pm","empty",NA,NA
1869-03-01 07:00:00,180,NA,NA,-19.44,5
1869-03-01 14:00:00,180,NA,NA,-7.78,11
1869-03-01 21:00:00,180,NA,NA,-12.22,11
1869-03-02,NA,"empty","empty",NA,NA
1869-03-02 07:00:00,180,NA,NA,-15,2
1869-03-02 14:00:00,180,NA,NA,-3.89,2
1869-03-02 21:00:00,180,NA,NA,-12.22,2
1869-03-03,NA,"empty","4 pm",NA,NA
1869-03-03 07:00:00,270,NA,NA,-12.22,2
1869-03-03 14:00:00,315,NA,NA,-11.11,11
1869-03-03 21:00:00,0,NA,NA,-23.33,5
1869-03-04,NA,"empty","empty",NA,NA
1869-03-04 07:00:00,315,NA,NA,-38.89,2
1869-03-04 14:00:00,315,NA,NA,-17.78,11
1869-03-04 21:00:00,135,NA,NA,-24.44,2
1869-03-05,NA,"empty","empty",NA,NA
1869-03-05 07:00:00,180,NA,NA,-26.11,2
1869-03-05 14:00:00,180,NA,NA,-12.22,11
1869-03-05 21:00:00,180,NA,NA,-16.11,2
1869-03-06,NA,"empty","empty",NA,NA
1869-03-06 07:00:00,315,NA,NA,-19.44,2
1869-03-06 14:00:00,270,NA,NA,-17.78,2
1869-03-06 21:00:00,135,NA,NA,-28.89,1
1869-03-07,NA,"10 am","empty",NA,NA
1869-03-07 07:00:00,180,NA,NA,-23.33,11
1869-03-07 14:00:00,180,NA,NA,-9.44,11
1869-03-07 21:00:00,180,NA,NA,-12.22,11
1869-03-08,NA,"empty","1 am",NA,NA
1869-03-08 07:00:00,315,NA,NA,-20.56,2
1869-03-08 14:00:00,337.5,NA,NA,-12.22,2
1869-03-08 21:00:00,315,NA,NA,-18.33,1
1869-03-09,NA,"empty","empty",NA,NA
1869-03-09 07:00:00,180,NA,NA,-28.89,5
1869-03-09 14:00:00,225,NA,NA,-5.56,11
1869-03-09 21:00:00,315,NA,NA,-26.11,11
1869-03-10,NA,"empty","empty",NA,NA
1869-03-10 07:00:00,0,NA,NA,-30,1
1869-03-10 14:00:00,315,NA,NA,-9.44,2
1869-03-10 21:00:00,45,NA,NA,-24.44,2
1869-03-11,NA,"empty","empty",NA,NA
1869-03-11 07:00:00,0,NA,NA,-30,1
1869-03-11 14:00:00,0,NA,NA,-8.89,2
1869-03-11 21:00:00,0,NA,NA,-11.11,1
1869-03-12,NA,"empty","empty",NA,NA
1869-03-12 07:00:00,180,NA,NA,-15.56,1
1869-03-12 14:00:00,180,NA,NA,-3.89,5
1869-03-12 21:00:00,180,NA,NA,-16.11,2
1869-03-13,NA,"empty","empty",NA,NA
1869-03-13 07:00:00,180,NA,NA,-15,2
1869-03-13 14:00:00,315,NA,NA,-12.22,2
1869-03-13 21:00:00,0,NA,NA,-24.44,2
1869-03-14,NA,"empty","empty",NA,NA
1869-03-14 07:00:00,45,NA,NA,-17.78,5
1869-03-14 14:00:00,0,NA,NA,-9.44,5
1869-03-14 21:00:00,0,NA,NA,-20,2
1869-03-15,NA,"empty","empty",NA,NA
1869-03-15 07:00:00,0,NA,NA,-22.78,2
1869-03-15 14:00:00,0,NA,NA,-15,5
1869-03-15 21:00:00,315,NA,NA,-17.78,2
1869-03-16,NA,"empty","empty",NA,NA
1869-03-16 07:00:00,225,NA,NA,-13.33,2
1869-03-16 14:00:00,0,NA,NA,-11.11,1
1869-03-16 21:00:00,225,NA,NA,-13.89,2
1869-03-17,NA,"empty","empty",NA,NA
1869-03-17 07:00:00,225,NA,NA,-12.22,1
1869-03-17 14:00:00,225,NA,NA,-11.67,2
1869-03-17 21:00:00,0,NA,NA,-23.33,1
1869-03-18,NA,"empty","empty",NA,NA
1869-03-18 07:00:00,0,NA,NA,-22.22,1
1869-03-18 14:00:00,270,NA,NA,-11.11,2
1869-03-18 21:00:00,270,NA,NA,-11.11,1
1869-03-19,NA,"empty","empty",NA,NA
1869-03-19 07:00:00,225,NA,NA,-11.11,1
1869-03-19 14:00:00,225,NA,NA,1.11,2
1869-03-19 21:00:00,45,NA,NA,-10,5
1869-03-20,NA,"empty","empty",NA,NA
1869-03-20 07:00:00,NA,NA,NA,-22.22,2
1869-03-20 14:00:00,315,NA,NA,-16.67,5
1869-03-20 21:00:00,0,NA,NA,-23.33,11
1869-03-21,NA,"empty","empty",NA,NA
1869-03-21 07:00:00,315,NA,NA,-29.44,1
1869-03-21 14:00:00,315,NA,NA,-15,2
1869-03-21 21:00:00,315,NA,NA,-23.89,1
1869-03-22,NA,"empty","empty",NA,NA
1869-03-22 07:00:00,180,NA,NA,-23.33,1
1869-03-22 14:00:00,180,NA,NA,-6.67,5
1869-03-22 21:00:00,180,NA,NA,-10.56,5
1869-03-23,NA,"10 am","2 pm",NA,NA
1869-03-23 07:00:00,180,NA,NA,-15,2
1869-03-23 14:00:00,180,NA,NA,-9.44,5
1869-03-23 21:00:00,292.5,NA,NA,-11.11,1
1869-03-24,NA,"empty","empty",NA,NA
1869-03-24 07:00:00,315,NA,NA,-23.33,1
1869-03-24 14:00:00,270,NA,NA,-15,5
1869-03-24 21:00:00,135,NA,NA,-23.33,1
1869-03-25,NA,"empty","empty",NA,NA
1869-03-25 07:00:00,45,NA,NA,-23.33,1
1869-03-25 14:00:00,180,NA,NA,-9.44,5
1869-03-25 21:00:00,135,NA,NA,-9.44,1
1869-03-26,NA,"3 pm","8 pm",NA,NA
1869-03-26 07:00:00,180,NA,NA,-1.11,1
1869-03-26 14:00:00,180,NA,NA,1.67,2
1869-03-26 21:00:00,135,NA,NA,-3.33,2
1869-03-27,NA,"empty","empty",NA,NA
1869-03-27 07:00:00,180,NA,NA,1.67,1
1869-03-27 14:00:00,315,NA,NA,-1.67,5
1869-03-27 21:00:00,45,NA,NA,-5,1
1869-03-28,NA,"7 pm","empty",NA,NA
1869-03-28 07:00:00,180,NA,NA,-11.11,2
1869-03-28 14:00:00,180,NA,NA,0.56,5
1869-03-28 21:00:00,180,NA,NA,-1.11,2
1869-03-29,NA,"empty","7 am",NA,NA
1869-03-29 07:00:00,180,NA,NA,-3.89,2
1869-03-29 14:00:00,180,NA,NA,6.11,2
1869-03-29 21:00:00,180,NA,NA,-3.89,2
1869-03-30,NA,"12 am","empty",NA,NA
1869-03-30 07:00:00,90,NA,NA,-3.89,2
1869-03-30 14:00:00,45,NA,NA,-3.89,5
1869-03-30 21:00:00,0,NA,NA,-12.22,11
1869-03-31,NA,"empty","8 am",NA,NA
1869-03-31 07:00:00,0,NA,NA,-16.11,2
1869-03-31 14:00:00,315,NA,NA,-12.22,11
1869-03-31 21:00:00,315,NA,NA,-17.78,5
1869-04-01,NA,"empty","empty",NA,NA
1869-04-01 07:00:00,0,NA,NA,-21.67,1
1869-04-01 14:00:00,45,NA,NA,-3.89,5
1869-04-01 21:00:00,67.5,NA,NA,-12.78,11
1869-04-02,NA,"7 am","empty",NA,NA
1869-04-02 07:00:00,45,NA,NA,-20.56,5
1869-04-02 14:00:00,45,NA,NA,-20.56,11
1869-04-02 21:00:00,0,NA,NA,-17.78,11
1869-04-03,NA,"empty","6 pm",NA,NA
1869-04-03 07:00:00,0,NA,NA,-15.56,2
1869-04-03 14:00:00,45,NA,NA,-15,5
1869-04-03 21:00:00,0,NA,NA,-16.11,5
1869-04-04,NA,"9 am","empty",NA,NA
1869-04-04 07:00:00,0,NA,NA,-15,5
1869-04-04 14:00:00,0,NA,NA,-15,5
1869-04-04 21:00:00,180,NA,NA,-15,5
1869-04-05,NA,"empty","empty",NA,NA
1869-04-05 07:00:00,315,NA,NA,-16.67,5
1869-04-05 14:00:00,315,NA,NA,-11.67,5
1869-04-05 21:00:00,315,NA,NA,-13.33,5
1869-04-06,NA,"empty","8 pm",NA,NA
1869-04-06 07:00:00,315,NA,NA,-13.89,2
1869-04-06 14:00:00,315,NA,NA,-6.67,2
1869-04-06 21:00:00,315,NA,NA,-9.44,1
1869-04-07,NA,"11 pm","empty",NA,NA
1869-04-07 07:00:00,315,NA,NA,-15,2
1869-04-07 14:00:00,270,NA,NA,-9.44,2
1869-04-07 21:00:00,337.5,NA,NA,-15,1
1869-04-08,NA,"empty","5 am",NA,NA
1869-04-08 07:00:00,315,NA,NA,-12.22,1
1869-04-08 14:00:00,270,NA,NA,-6.67,2
1869-04-08 21:00:00,315,NA,NA,-11.11,1
1869-04-09,NA,"empty","empty",NA,NA
1869-04-09 07:00:00,315,NA,NA,-12.22,1
1869-04-09 14:00:00,315,NA,NA,-5.56,2
1869-04-09 21:00:00,315,NA,NA,-11.11,2
1869-04-10,NA,"empty","empty",NA,NA
1869-04-10 07:00:00,315,NA,NA,-9.44,2
1869-04-10 14:00:00,270,NA,NA,-3.89,2
1869-04-10 21:00:00,0,NA,NA,-9.44,2
1869-04-11,NA,"empty","empty",NA,NA
1869-04-11 07:00:00,315,NA,NA,-10.56,1
1869-04-11 14:00:00,315,NA,NA,-5,2
1869-04-11 21:00:00,315,NA,NA,-10.56,2
1869-04-12,NA,"empty","empty",NA,NA
1869-04-12 07:00:00,315,NA,NA,-10,1
1869-04-12 14:00:00,315,NA,NA,-2.78,2
1869-04-12 21:00:00,315,NA,NA,-12.22,2
1869-04-13,NA,"empty","empty",NA,NA
1869-04-13 07:00:00,315,NA,NA,-17.78,1
1869-04-13 14:00:00,270,NA,NA,-2.78,2
1869-04-13 21:00:00,0,NA,NA,-11.67,1
1869-04-14,NA,"empty","empty",NA,NA
1869-04-14 07:00:00,315,NA,NA,-3.89,1
1869-04-14 14:00:00,315,NA,NA,-2.22,1
1869-04-14 21:00:00,180,NA,NA,-11.67,1
1869-04-15,NA,"empty","empty",NA,NA
1869-04-15 07:00:00,180,NA,NA,1.67,2
1869-04-15 14:00:00,180,NA,NA,4.44,5
1869-04-15 21:00:00,180,NA,NA,-2.78,1
1869-04-16,NA,"4 am","7 pm",NA,NA
1869-04-16 07:00:00,180,NA,NA,1.67,1
1869-04-16 14:00:00,180,NA,NA,0,1
1869-04-16 21:00:00,180,NA,NA,-5.56,1
1869-04-17,NA,"empty","empty",NA,NA
1869-04-17 07:00:00,270,NA,NA,-5,5
1869-04-17 14:00:00,292.5,NA,NA,-3.89,11
1869-04-17 21:00:00,315,NA,NA,-12.22,11
1869-04-18,NA,"empty","empty",NA,NA
1869-04-18 07:00:00,315,NA,NA,-13.89,5
1869-04-18 14:00:00,315,NA,NA,-6.67,2
1869-04-18 21:00:00,0,NA,NA,-9.44,1
1869-04-19,NA,"empty","empty",NA,NA
1869-04-19 07:00:00,67.5,NA,NA,-6.67,2
1869-04-19 14:00:00,67.5,NA,NA,-5,2
1869-04-19 21:00:00,67.5,NA,NA,-7.78,2
1869-04-20,NA,"10 pm","empty",NA,NA
1869-04-20 07:00:00,135,NA,NA,-9.44,2
1869-04-20 14:00:00,135,NA,NA,-3.89,5
1869-04-20 21:00:00,135,NA,NA,-3.89,5
1869-04-21,NA,"empty","8 pm",NA,NA
1869-04-21 07:00:00,0,NA,NA,-3.89,5
1869-04-21 14:00:00,0,NA,NA,-6.67,11
1869-04-21 21:00:00,0,NA,NA,-9.44,11
1869-04-22,NA,"empty","empty",NA,NA
1869-04-22 07:00:00,315,NA,NA,-6.11,11
1869-04-22 14:00:00,315,NA,NA,-3.33,5
1869-04-22 21:00:00,45,NA,NA,-9.44,1
1869-04-23,NA,"4 pm","12 pm",NA,NA
1869-04-23 07:00:00,45,NA,NA,-6.67,1
1869-04-23 14:00:00,90,NA,NA,-3.89,1
1869-04-23 21:00:00,90,NA,NA,-9.44,1
1869-04-24,NA,"empty","empty",NA,NA
1869-04-24 07:00:00,0,NA,NA,-3.89,1
1869-04-24 14:00:00,45,NA,NA,1.67,2
1869-04-24 21:00:00,0,NA,NA,-7.78,2
1869-04-25,NA,"empty","empty",NA,NA
1869-04-25 07:00:00,315,NA,NA,-3.89,1
1869-04-25 14:00:00,270,NA,NA,1.67,2
1869-04-25 21:00:00,315,NA,NA,-3.89,2
1869-04-26,NA,"empty","empty",NA,NA
1869-04-26 07:00:00,315,NA,NA,1.67,2
1869-04-26 14:00:00,270,NA,NA,4.44,2
1869-04-26 21:00:00,135,NA,NA,-6.67,1
1869-04-27,NA,"empty","empty",NA,NA
1869-04-27 07:00:00,45,NA,NA,-3.33,1
1869-04-27 14:00:00,45,NA,NA,3.33,1
1869-04-27 21:00:00,45,NA,NA,-7.22,1
1869-04-28,NA,"empty","empty",NA,NA
1869-04-28 07:00:00,0,NA,NA,-9.44,5
1869-04-28 14:00:00,0,NA,NA,-5,5
1869-04-28 21:00:00,0,NA,NA,-11.11,11
1869-04-29,NA,"empty","empty",NA,NA
1869-04-29 07:00:00,0,NA,NA,-11.11,5
1869-04-29 14:00:00,0,NA,NA,-6.67,2
1869-04-29 21:00:00,0,NA,NA,-9.44,2
1869-04-30,NA,"empty","empty",NA,NA
1869-04-30 07:00:00,315,NA,NA,-6.67,2
1869-04-30 14:00:00,315,NA,NA,-1.67,5
1869-04-30 21:00:00,180,NA,NA,-9.44,5
1869-05-01,NA,"empty","empty",NA,NA
1869-05-01 07:00:00,180,NA,NA,-3.89,2
1869-05-01 14:00:00,180,NA,NA,0,5
1869-05-01 21:00:00,0,NA,NA,-2.22,2
1869-05-02,NA,"empty","empty",NA,NA
1869-05-02 07:00:00,0,NA,NA,-3.89,5
1869-05-02 14:00:00,0,NA,NA,-2.22,5
1869-05-02 21:00:00,0,NA,NA,-6.67,11
1869-05-03,NA,"empty","empty",NA,NA
1869-05-03 07:00:00,0,NA,NA,-9.44,11
1869-05-03 14:00:00,0,NA,NA,-9.44,11
1869-05-03 21:00:00,0,NA,NA,-11.11,16
1869-05-04,NA,"empty","empty",NA,NA
1869-05-04 07:00:00,0,NA,NA,-7.78,5
1869-05-04 14:00:00,0,NA,NA,-6.67,2
1869-05-04 21:00:00,0,NA,NA,-9.44,2
1869-05-05,NA,"empty","empty",NA,NA
1869-05-05 07:00:00,0,NA,NA,-7.22,2
1869-05-05 14:00:00,0,NA,NA,-2.22,2
1869-05-05 21:00:00,0,NA,NA,-11.11,5
1869-05-06,NA,"empty","empty",NA,NA
1869-05-06 07:00:00,315,NA,NA,-6.67,2
1869-05-06 14:00:00,315,NA,NA,-3.89,2
1869-05-06 21:00:00,315,NA,NA,-6.67,1
1869-05-07,NA,"empty","empty",NA,NA
1869-05-07 07:00:00,315,NA,NA,-7.78,1
1869-05-07 14:00:00,315,NA,NA,4.44,1
1869-05-07 21:00:00,45,NA,NA,-3.89,1
1869-05-08,NA,"empty","empty",NA,NA
1869-05-08 07:00:00,112.5,NA,NA,-3.89,1
1869-05-08 14:00:00,135,NA,NA,3.33,1
1869-05-08 21:00:00,315,NA,NA,-1.11,2
1869-05-09,NA,"empty","empty",NA,NA
1869-05-09 07:00:00,180,NA,NA,-6.67,2
1869-05-09 14:00:00,180,NA,NA,3.33,2
1869-05-09 21:00:00,180,NA,NA,-5,2
1869-05-10,NA,NA,NA,NA,NA
1869-05-10 07:00:00,180,NA,NA,0,2
1869-05-10 14:00:00,180,NA,NA,3.33,5
1869-05-10 21:00:00,180,NA,NA,4.44,11
1869-05-11,NA,"8 pm","empty",NA,NA
1869-05-11 07:00:00,315,NA,NA,-0.56,2
1869-05-11 14:00:00,315,NA,NA,0,2
1869-05-11 21:00:00,0,NA,NA,-3.89,1
1869-05-12,NA,"empty","12 am",NA,NA
1869-05-12 07:00:00,45,NA,NA,1.67,1
1869-05-12 14:00:00,45,NA,NA,4.44,1
1869-05-12 21:00:00,45,NA,NA,-2.22,1
1869-05-13,NA,"empty","empty",NA,NA
1869-05-13 07:00:00,90,NA,NA,0,2
1869-05-13 14:00:00,90,NA,NA,5.56,5
1869-05-13 21:00:00,90,NA,NA,-1.11,5
1869-05-14,NA,"10 am","empty",NA,NA
1869-05-14 07:00:00,45,NA,NA,-2.22,2
1869-05-14 14:00:00,45,NA,NA,0.56,2
1869-05-14 21:00:00,45,NA,NA,-3.89,5
1869-05-15,NA,"empty","9 pm",NA,NA
1869-05-15 07:00:00,45,NA,NA,-3.89,1
1869-05-15 14:00:00,45,NA,NA,4.44,1
1869-05-15 21:00:00,45,NA,NA,-2.78,1
1869-05-16,NA,"8 am","empty",NA,NA
1869-05-16 07:00:00,0,NA,NA,-4.44,2
1869-05-16 14:00:00,0,NA,NA,-1.11,2
1869-05-16 21:00:00,0,NA,NA,-4.44,11
1869-05-17,NA,"empty","2 pm",NA,NA
1869-05-17 07:00:00,0,NA,NA,-3.33,5
1869-05-17 14:00:00,0,NA,NA,-1.67,5
1869-05-17 21:00:00,0,NA,NA,-6.67,5
1869-05-18,NA,"empty","empty",NA,NA
1869-05-18 07:00:00,0,NA,NA,-6.67,5
1869-05-18 14:00:00,0,NA,NA,-5,2
1869-05-18 21:00:00,0,NA,NA,-6.11,1
1869-05-19,NA,"empty","empty",NA,NA
1869-05-19 07:00:00,0,NA,NA,-7.22,2
1869-05-19 14:00:00,0,NA,NA,-3.89,2
1869-05-19 21:00:00,0,NA,NA,-7.78,5
1869-05-20,NA,"empty","empty",NA,NA
1869-05-20 07:00:00,0,NA,NA,-2.22,5
1869-05-20 14:00:00,0,NA,NA,1.67,5
1869-05-20 21:00:00,0,NA,NA,-5,5
1869-05-21,NA,"empty","empty",NA,NA
1869-05-21 07:00:00,315,NA,NA,-3.33,2
1869-05-21 14:00:00,315,NA,NA,4.44,2
1869-05-21 21:00:00,315,NA,NA,-3.89,1
1869-05-22,NA,"empty","empty",NA,NA
1869-05-22 07:00:00,315,NA,NA,4.44,1
1869-05-22 14:00:00,315,NA,NA,7.22,2
1869-05-22 21:00:00,315,NA,NA,2.22,2
1869-05-23,NA,"empty","empty",NA,NA
1869-05-23 07:00:00,180,NA,NA,8.89,2
1869-05-23 14:00:00,0,NA,NA,0,1
1869-05-23 21:00:00,0,NA,NA,1.67,1
1869-05-24,NA,"empty","empty",NA,NA
1869-05-24 07:00:00,45,NA,NA,4.44,1
1869-05-24 14:00:00,0,NA,NA,7.22,1
1869-05-24 21:00:00,0,NA,NA,5.56,1
1869-05-25,NA,"1 am","empty",NA,NA
1869-05-25 07:00:00,45,NA,NA,-2.22,2
1869-05-25 14:00:00,0,NA,NA,1.67,5
1869-05-25 21:00:00,0,NA,NA,-1.67,5
1869-05-26,NA,"empty","6 am",NA,NA
1869-05-26 07:00:00,315,NA,NA,-1.11,5
1869-05-26 14:00:00,315,NA,NA,1.67,5
1869-05-26 21:00:00,0,NA,NA,0,5
1869-05-27,NA,"empty","empty",NA,NA
1869-05-27 07:00:00,315,NA,NA,4.44,2
1869-05-27 14:00:00,270,NA,NA,7.22,1
1869-05-27 21:00:00,225,NA,NA,3.89,1
1869-05-28,NA,"empty","empty",NA,NA
1869-05-28 07:00:00,315,NA,NA,5.56,1
1869-05-28 14:00:00,315,NA,NA,8.33,1
1869-05-28 21:00:00,315,NA,NA,4.44,1
1869-05-29,NA,"empty","empty",NA,NA
1869-05-29 07:00:00,180,NA,NA,5.56,1
1869-05-29 14:00:00,270,NA,NA,12.78,1
1869-05-29 21:00:00,270,NA,NA,8.89,1
1869-05-30,NA,"empty","empty",NA,NA
1869-05-30 07:00:00,225,NA,NA,8.89,1
1869-05-30 14:00:00,225,NA,NA,14.44,1
1869-05-30 21:00:00,225,NA,NA,10,1
1869-05-31,NA,"empty","empty",NA,NA
1869-05-31 07:00:00,225,NA,NA,10,1
1869-05-31 14:00:00,225,NA,NA,12.78,2
1869-05-31 21:00:00,225,NA,NA,17.22,1
